名称,住所,lat,lng,coordinate_precision,区市町村,area_tag,toiletType,出典URL,備考
えび山広場 トイレ,東京都板橋区大谷口上町4,,,unknown,板橋区,大谷口上町,公衆トイレ,https://catalog.data.metro.tokyo.lg.jp/dataset/t131199d0000000005,自治体公式オープンデータ収録。名称・住所を一次データ由来候補として整備。座標は公式値を確認できないため推測せずnull。
けやきの公園 トイレ,東京都板橋区前野町一丁目48,,,unknown,板橋区,前野町,公衆トイレ,https://catalog.data.metro.tokyo.lg.jp/dataset/t131199d0000000005,自治体公式オープンデータ収録。名称・住所を一次データ由来候補として整備。座標は公式値を確認できないため推測せずnull。
さくらづつみ児童遊園 トイレ,東京都板橋区大谷口北町14-1,,,unknown,板橋区,大谷口北町,公衆トイレ,https://catalog.data.metro.tokyo.lg.jp/dataset/t131199d0000000005,自治体公式オープンデータ収録。名称・住所を一次データ由来候補として整備。座標は公式値を確認できないため推測せずnull。
しらさぎ公園 トイレ,東京都板橋区新河岸二丁目10-2,,,unknown,板橋区,新河岸,公衆トイレ,https://catalog.data.metro.tokyo.lg.jp/dataset/t131199d0000000005,自治体公式オープンデータ収録。名称・住所を一次データ由来候補として整備。座標は公式値を確認できないため推測せずnull。
どんぐり山公園 トイレ,東京都板橋区中台一丁目19-8,,,unknown,板橋区,中台,公衆トイレ,https://catalog.data.metro.tokyo.lg.jp/dataset/t131199d0000000005,自治体公式オープンデータ収録。名称・住所を一次データ由来候補として整備。座標は公式値を確認できないため推測せずnull。
なかいたプチパ－ク トイレ,東京都板橋区中板橋9-13,,,unknown,板橋区,中板橋,公衆トイレ,https://catalog.data.metro.tokyo.lg.jp/dataset/t131199d0000000005,自治体公式オープンデータ収録。名称・住所を一次データ由来候補として整備。座標は公式値を確認できないため推測せずnull。
にたば児童遊園 トイレ,東京都板橋区蓮根三丁目26-1先,,,unknown,板橋区,蓮根,公衆トイレ,https://catalog.data.metro.tokyo.lg.jp/dataset/t131199d0000000005,自治体公式オープンデータ収録。名称・住所を一次データ由来候補として整備。座標は公式値を確認できないため推測せずnull。
にりんそう公園 トイレ,東京都板橋区若木一丁目3-18,,,unknown,板橋区,若木,公衆トイレ,https://catalog.data.metro.tokyo.lg.jp/dataset/t131199d0000000005,自治体公式オープンデータ収録。名称・住所を一次データ由来候補として整備。座標は公式値を確認できないため推測せずnull。
みなみ児童遊園 トイレ,東京都板橋区幸町3-1,,,unknown,板橋区,幸町,公衆トイレ,https://catalog.data.metro.tokyo.lg.jp/dataset/t131199d0000000005,自治体公式オープンデータ収録。名称・住所を一次データ由来候補として整備。座標は公式値を確認できないため推測せずnull。
やよい防災ひろば トイレ,東京都板橋区弥生町82-5,,,unknown,板橋区,弥生町,公衆トイレ,https://catalog.data.metro.tokyo.lg.jp/dataset/t131199d0000000005,自治体公式オープンデータ収録。名称・住所を一次データ由来候補として整備。座標は公式値を確認できないため推測せずnull。
ゆりの木公衆便所,東京都板橋区赤塚新町三丁目32-13,,,unknown,板橋区,赤塚新町,公衆トイレ,https://catalog.data.metro.tokyo.lg.jp/dataset/t131199d0000000005,自治体公式オープンデータ収録。名称・住所を一次データ由来候補として整備。座標は公式値を確認できないため推測せずnull。
七軒家公園 トイレ,東京都板橋区上板橋二丁目38-3,,,unknown,板橋区,上板橋,公衆トイレ,https://catalog.data.metro.tokyo.lg.jp/dataset/t131199d0000000005,自治体公式オープンデータ収録。名称・住所を一次データ由来候補として整備。座標は公式値を確認できないため推測せずnull。
三丁目青空公園 トイレ,東京都板橋区小茂根三丁目14,,,unknown,板橋区,小茂根,公衆トイレ,https://catalog.data.metro.tokyo.lg.jp/dataset/t131199d0000000005,自治体公式オープンデータ収録。名称・住所を一次データ由来候補として整備。座標は公式値を確認できないため推測せずnull。
三園公園 トイレ,東京都板橋区三園一丁目7-1,,,unknown,板橋区,板橋区,公衆トイレ,https://catalog.data.metro.tokyo.lg.jp/dataset/t131199d0000000005,自治体公式オープンデータ収録。名称・住所を一次データ由来候補として整備。座標は公式値を確認できないため推測せずnull。
三葉児童遊園 トイレ,東京都板橋区弥生町16-1,,,unknown,板橋区,弥生町,公衆トイレ,https://catalog.data.metro.tokyo.lg.jp/dataset/t131199d0000000005,自治体公式オープンデータ収録。名称・住所を一次データ由来候補として整備。座標は公式値を確認できないため推測せずnull。
上板富士公園 トイレ,東京都板橋区上板橋二丁目51-5,,,unknown,板橋区,上板橋,公衆トイレ,https://catalog.data.metro.tokyo.lg.jp/dataset/t131199d0000000005,自治体公式オープンデータ収録。名称・住所を一次データ由来候補として整備。座標は公式値を確認できないため推測せずnull。
上谷津公園 トイレ,東京都板橋区赤塚六丁目36-31,,,unknown,板橋区,赤塚,公衆トイレ,https://catalog.data.metro.tokyo.lg.jp/dataset/t131199d0000000005,自治体公式オープンデータ収録。名称・住所を一次データ由来候補として整備。座標は公式値を確認できないため推測せずnull。
上赤塚公園 トイレ,東京都板橋区赤塚三丁目40-10,,,unknown,板橋区,赤塚,公衆トイレ,https://catalog.data.metro.tokyo.lg.jp/dataset/t131199d0000000005,自治体公式オープンデータ収録。名称・住所を一次データ由来候補として整備。座標は公式値を確認できないため推測せずnull。
下赤塚児童遊園 トイレ,東京都板橋区赤塚一丁目10-18,,,unknown,板橋区,赤塚,公衆トイレ,https://catalog.data.metro.tokyo.lg.jp/dataset/t131199d0000000005,自治体公式オープンデータ収録。名称・住所を一次データ由来候補として整備。座標は公式値を確認できないため推測せずnull。
下赤塚公園 トイレ,東京都板橋区赤塚新町三丁目24-8,,,unknown,板橋区,赤塚新町,公衆トイレ,https://catalog.data.metro.tokyo.lg.jp/dataset/t131199d0000000005,自治体公式オープンデータ収録。名称・住所を一次データ由来候補として整備。座標は公式値を確認できないため推測せずnull。
中丸児童遊園 トイレ,東京都板橋区南町22-2,,,unknown,板橋区,南町,公衆トイレ,https://catalog.data.metro.tokyo.lg.jp/dataset/t131199d0000000005,自治体公式オープンデータ収録。名称・住所を一次データ由来候補として整備。座標は公式値を確認できないため推測せずnull。
中原公園 トイレ,東京都板橋区小豆沢一丁目4-12,,,unknown,板橋区,小豆沢,公衆トイレ,https://catalog.data.metro.tokyo.lg.jp/dataset/t131199d0000000005,自治体公式オープンデータ収録。名称・住所を一次データ由来候補として整備。座標は公式値を確認できないため推測せずnull。
中台さくら公園 トイレ,東京都板橋区中台三丁目27-8,,,unknown,板橋区,中台,公衆トイレ,https://catalog.data.metro.tokyo.lg.jp/dataset/t131199d0000000005,自治体公式オープンデータ収録。名称・住所を一次データ由来候補として整備。座標は公式値を確認できないため推測せずnull。
中台しいのき公園 トイレ,東京都板橋区中台三丁目27-11,,,unknown,板橋区,中台,公衆トイレ,https://catalog.data.metro.tokyo.lg.jp/dataset/t131199d0000000005,自治体公式オープンデータ収録。名称・住所を一次データ由来候補として整備。座標は公式値を確認できないため推測せずnull。
中台二丁目公園 トイレ,東京都板橋区中台二丁目9-8,,,unknown,板橋区,中台,公衆トイレ,https://catalog.data.metro.tokyo.lg.jp/dataset/t131199d0000000005,自治体公式オープンデータ収録。名称・住所を一次データ由来候補として整備。座標は公式値を確認できないため推測せずnull。
中台公園 トイレ,東京都板橋区中台三丁目9-3,,,unknown,板橋区,中台,公衆トイレ,https://catalog.data.metro.tokyo.lg.jp/dataset/t131199d0000000005,自治体公式オープンデータ収録。名称・住所を一次データ由来候補として整備。座標は公式値を確認できないため推測せずnull。
二塚公園 トイレ,東京都板橋区赤塚三丁目10-11,,,unknown,板橋区,赤塚,公衆トイレ,https://catalog.data.metro.tokyo.lg.jp/dataset/t131199d0000000005,自治体公式オープンデータ収録。名称・住所を一次データ由来候補として整備。座標は公式値を確認できないため推測せずnull。
前谷津川緑道 西台 トイレ,東京都板橋区西台二丁目39,,,unknown,板橋区,西台,公衆トイレ,https://catalog.data.metro.tokyo.lg.jp/dataset/t131199d0000000005,自治体公式オープンデータ収録。名称・住所を一次データ由来候補として整備。座標は公式値を確認できないため推測せずnull。
前谷津川緑道 高島平 トイレ,東京都板橋区高島平二丁目26先,,,unknown,板橋区,高島平,公衆トイレ,https://catalog.data.metro.tokyo.lg.jp/dataset/t131199d0000000005,自治体公式オープンデータ収録。名称・住所を一次データ由来候補として整備。座標は公式値を確認できないため推測せずnull。
前野児童遊園 トイレ,東京都板橋区前野町二丁目23-10,,,unknown,板橋区,前野町,公衆トイレ,https://catalog.data.metro.tokyo.lg.jp/dataset/t131199d0000000005,自治体公式オープンデータ収録。名称・住所を一次データ由来候補として整備。座標は公式値を確認できないため推測せずnull。
前野公園 トイレ,東京都板橋区前野町五丁目1-1,,,unknown,板橋区,前野町,公衆トイレ,https://catalog.data.metro.tokyo.lg.jp/dataset/t131199d0000000005,自治体公式オープンデータ収録。名称・住所を一次データ由来候補として整備。座標は公式値を確認できないため推測せずnull。
前野町六丁目公園 トイレ,東京都板橋区前野町六丁目21-20,,,unknown,板橋区,前野町,公衆トイレ,https://catalog.data.metro.tokyo.lg.jp/dataset/t131199d0000000005,自治体公式オープンデータ収録。名称・住所を一次データ由来候補として整備。座標は公式値を確認できないため推測せずnull。
前野町四丁目公衆便所,東京都板橋区前野町四丁目39先,,,unknown,板橋区,前野町,公衆トイレ,https://catalog.data.metro.tokyo.lg.jp/dataset/t131199d0000000005,自治体公式オープンデータ収録。名称・住所を一次データ由来候補として整備。座標は公式値を確認できないため推測せずnull。
加賀二丁目公園 トイレ,東京都板橋区加賀二丁目13-1,,,unknown,板橋区,加賀,公衆トイレ,https://catalog.data.metro.tokyo.lg.jp/dataset/t131199d0000000005,自治体公式オープンデータ収録。名称・住所を一次データ由来候補として整備。座標は公式値を確認できないため推測せずnull。
加賀公園 トイレ,東京都板橋区加賀一丁目8-1,,,unknown,板橋区,加賀,公衆トイレ,https://catalog.data.metro.tokyo.lg.jp/dataset/t131199d0000000005,自治体公式オープンデータ収録。名称・住所を一次データ由来候補として整備。座標は公式値を確認できないため推測せずnull。
加賀第二公園 トイレ,東京都板橋区加賀一丁目16-1,,,unknown,板橋区,加賀,公衆トイレ,https://catalog.data.metro.tokyo.lg.jp/dataset/t131199d0000000005,自治体公式オープンデータ収録。名称・住所を一次データ由来候補として整備。座標は公式値を確認できないため推測せずnull。
加賀西公園 トイレ,東京都板橋区加賀一丁目10-12,,,unknown,板橋区,加賀,公衆トイレ,https://catalog.data.metro.tokyo.lg.jp/dataset/t131199d0000000005,自治体公式オープンデータ収録。名称・住所を一次データ由来候補として整備。座標は公式値を確認できないため推測せずnull。
北前野おもいやり広場 トイレ,東京都板橋区前野町四丁目39,,,unknown,板橋区,前野町,公衆トイレ,https://catalog.data.metro.tokyo.lg.jp/dataset/t131199d0000000005,自治体公式オープンデータ収録。名称・住所を一次データ由来候補として整備。座標は公式値を確認できないため推測せずnull。
北前野児童遊園 トイレ,東京都板橋区前野町五丁目37-10,,,unknown,板橋区,前野町,公衆トイレ,https://catalog.data.metro.tokyo.lg.jp/dataset/t131199d0000000005,自治体公式オープンデータ収録。名称・住所を一次データ由来候補として整備。座標は公式値を確認できないため推測せずnull。
南ときわ台公園 トイレ,東京都板橋区南常盤台二丁目8-6,,,unknown,板橋区,南常盤台,公衆トイレ,https://catalog.data.metro.tokyo.lg.jp/dataset/t131199d0000000005,自治体公式オープンデータ収録。名称・住所を一次データ由来候補として整備。座標は公式値を確認できないため推測せずnull。
南板橋公園 トイレ,東京都板橋区板橋一丁目39-1,,,unknown,板橋区,板橋,公衆トイレ,https://catalog.data.metro.tokyo.lg.jp/dataset/t131199d0000000005,自治体公式オープンデータ収録。名称・住所を一次データ由来候補として整備。座標は公式値を確認できないため推測せずnull。
双葉町ひだまり公園 トイレ,東京都板橋区双葉町18-23,,,unknown,板橋区,双葉町,公衆トイレ,https://catalog.data.metro.tokyo.lg.jp/dataset/t131199d0000000005,自治体公式オープンデータ収録。名称・住所を一次データ由来候補として整備。座標は公式値を確認できないため推測せずnull。
向原児童遊園 トイレ,東京都板橋区向原一丁目17-1,,,unknown,板橋区,向原,公衆トイレ,https://catalog.data.metro.tokyo.lg.jp/dataset/t131199d0000000005,自治体公式オープンデータ収録。名称・住所を一次データ由来候補として整備。座標は公式値を確認できないため推測せずnull。
向原公園 トイレ,東京都板橋区向原二丁目29-1,,,unknown,板橋区,向原,公衆トイレ,https://catalog.data.metro.tokyo.lg.jp/dataset/t131199d0000000005,自治体公式オープンデータ収録。名称・住所を一次データ由来候補として整備。座標は公式値を確認できないため推測せずnull。
向口公園 トイレ,東京都板橋区四葉二丁目29-5,,,unknown,板橋区,板橋区,公衆トイレ,https://catalog.data.metro.tokyo.lg.jp/dataset/t131199d0000000005,自治体公式オープンデータ収録。名称・住所を一次データ由来候補として整備。座標は公式値を確認できないため推測せずnull。
四ツ又公園 トイレ,東京都板橋区板橋二丁目62-1,,,unknown,板橋区,板橋,公衆トイレ,https://catalog.data.metro.tokyo.lg.jp/dataset/t131199d0000000005,自治体公式オープンデータ収録。名称・住所を一次データ由来候補として整備。座標は公式値を確認できないため推測せずnull。
四葉二丁目公園 トイレ,東京都板橋区四葉二丁目9,,,unknown,板橋区,板橋区,公衆トイレ,https://catalog.data.metro.tokyo.lg.jp/dataset/t131199d0000000005,自治体公式オープンデータ収録。名称・住所を一次データ由来候補として整備。座標は公式値を確認できないため推測せずnull。
四葉公園 トイレ,東京都板橋区四葉一丁目23-1,,,unknown,板橋区,板橋区,公衆トイレ,https://catalog.data.metro.tokyo.lg.jp/dataset/t131199d0000000005,自治体公式オープンデータ収録。名称・住所を一次データ由来候補として整備。座標は公式値を確認できないため推測せずnull。
坂下一丁目公園 トイレ,東京都板橋区坂下一丁目36-27,,,unknown,板橋区,坂下,公衆トイレ,https://catalog.data.metro.tokyo.lg.jp/dataset/t131199d0000000005,自治体公式オープンデータ収録。名称・住所を一次データ由来候補として整備。座標は公式値を確認できないため推測せずnull。
坂下三丁目公園 トイレ,東京都板橋区坂下三丁目26-13,,,unknown,板橋区,坂下,公衆トイレ,https://catalog.data.metro.tokyo.lg.jp/dataset/t131199d0000000005,自治体公式オープンデータ収録。名称・住所を一次データ由来候補として整備。座標は公式値を確認できないため推測せずnull。
坂下三丁目第二公園 トイレ,東京都板橋区坂下三丁目18-1,,,unknown,板橋区,坂下,公衆トイレ,https://catalog.data.metro.tokyo.lg.jp/dataset/t131199d0000000005,自治体公式オープンデータ収録。名称・住所を一次データ由来候補として整備。座標は公式値を確認できないため推測せずnull。
坂下三丁目緑地 トイレ,東京都板橋区坂下三丁目9-19,,,unknown,板橋区,坂下,公衆トイレ,https://catalog.data.metro.tokyo.lg.jp/dataset/t131199d0000000005,自治体公式オープンデータ収録。名称・住所を一次データ由来候補として整備。座標は公式値を確認できないため推測せずnull。
坂下二丁目公園 トイレ,東京都板橋区坂下二丁目1-4,,,unknown,板橋区,坂下,公衆トイレ,https://catalog.data.metro.tokyo.lg.jp/dataset/t131199d0000000005,自治体公式オープンデータ収録。名称・住所を一次データ由来候補として整備。座標は公式値を確認できないため推測せずnull。
城北公園 トイレ,東京都板橋区坂下二丁目19-1,,,unknown,板橋区,坂下,公衆トイレ,https://catalog.data.metro.tokyo.lg.jp/dataset/t131199d0000000005,自治体公式オープンデータ収録。名称・住所を一次データ由来候補として整備。座標は公式値を確認できないため推測せずnull。
大原公園 トイレ,東京都板橋区大原町5-16,,,unknown,板橋区,大原町,公衆トイレ,https://catalog.data.metro.tokyo.lg.jp/dataset/t131199d0000000005,自治体公式オープンデータ収録。名称・住所を一次データ由来候補として整備。座標は公式値を確認できないため推測せずnull。
大原第二公園 トイレ,東京都板橋区大原町27-1,,,unknown,板橋区,大原町,公衆トイレ,https://catalog.data.metro.tokyo.lg.jp/dataset/t131199d0000000005,自治体公式オープンデータ収録。名称・住所を一次データ由来候補として整備。座標は公式値を確認できないため推測せずnull。
大山町公衆便所,東京都板橋区大山町47,,,unknown,板橋区,大山町,公衆トイレ,https://catalog.data.metro.tokyo.lg.jp/dataset/t131199d0000000005,自治体公式オープンデータ収録。名称・住所を一次データ由来候補として整備。座標は公式値を確認できないため推測せずnull。
大谷口一丁目4番遊び場 トイレ,東京都板橋区大谷口一丁目4-7,,,unknown,板橋区,大谷口,公衆トイレ,https://catalog.data.metro.tokyo.lg.jp/dataset/t131199d0000000005,自治体公式オープンデータ収録。名称・住所を一次データ由来候補として整備。座標は公式値を確認できないため推測せずnull。
小豆沢公園（グランド下） トイレ,東京都板橋区小豆沢三丁目1他,,,unknown,板橋区,小豆沢,公衆トイレ,https://catalog.data.metro.tokyo.lg.jp/dataset/t131199d0000000005,自治体公式オープンデータ収録。名称・住所を一次データ由来候補として整備。座標は公式値を確認できないため推測せずnull。
小豆沢公園（グランド西） トイレ,東京都板橋区小豆沢三丁目1他,,,unknown,板橋区,小豆沢,公衆トイレ,https://catalog.data.metro.tokyo.lg.jp/dataset/t131199d0000000005,自治体公式オープンデータ収録。名称・住所を一次データ由来候補として整備。座標は公式値を確認できないため推測せずnull。
小豆沢公園（スタンド1階） トイレ,東京都板橋区小豆沢三丁目1他,,,unknown,板橋区,小豆沢,公衆トイレ,https://catalog.data.metro.tokyo.lg.jp/dataset/t131199d0000000005,自治体公式オープンデータ収録。名称・住所を一次データ由来候補として整備。座標は公式値を確認できないため推測せずnull。
小豆沢公園（河岸広場） トイレ,東京都板橋区小豆沢三丁目1他,,,unknown,板橋区,小豆沢,公衆トイレ,https://catalog.data.metro.tokyo.lg.jp/dataset/t131199d0000000005,自治体公式オープンデータ収録。名称・住所を一次データ由来候補として整備。座標は公式値を確認できないため推測せずnull。
小豆沢公園（環八沿線南側） トイレ,東京都板橋区小豆沢四丁目20-5,,,unknown,板橋区,小豆沢,公衆トイレ,https://catalog.data.metro.tokyo.lg.jp/dataset/t131199d0000000005,自治体公式オープンデータ収録。名称・住所を一次データ由来候補として整備。座標は公式値を確認できないため推測せずnull。
山中児童遊園 トイレ,東京都板橋区栄町32-1,,,unknown,板橋区,栄町,公衆トイレ,https://catalog.data.metro.tokyo.lg.jp/dataset/t131199d0000000005,自治体公式オープンデータ収録。名称・住所を一次データ由来候補として整備。座標は公式値を確認できないため推測せずnull。
常盤台公園 トイレ,東京都板橋区常盤台一丁目13-1,,,unknown,板橋区,常盤台,公衆トイレ,https://catalog.data.metro.tokyo.lg.jp/dataset/t131199d0000000005,自治体公式オープンデータ収録。名称・住所を一次データ由来候補として整備。座標は公式値を確認できないため推測せずnull。
常盤台北口公園 トイレ,東京都板橋区常盤台二丁目20-20,,,unknown,板橋区,常盤台,公衆トイレ,https://catalog.data.metro.tokyo.lg.jp/dataset/t131199d0000000005,自治体公式オープンデータ収録。名称・住所を一次データ由来候補として整備。座標は公式値を確認できないため推測せずnull。
常盤台駅前公衆便所,東京都板橋区常盤台一丁目1-1,,,unknown,板橋区,常盤台,公衆トイレ,https://catalog.data.metro.tokyo.lg.jp/dataset/t131199d0000000005,自治体公式オープンデータ収録。名称・住所を一次データ由来候補として整備。座標は公式値を確認できないため推測せずnull。
弥生公園 トイレ,東京都板橋区弥生町73-1,,,unknown,板橋区,弥生町,公衆トイレ,https://catalog.data.metro.tokyo.lg.jp/dataset/t131199d0000000005,自治体公式オープンデータ収録。名称・住所を一次データ由来候補として整備。座標は公式値を確認できないため推測せずnull。
徳丸ケ丘公園 トイレ,東京都板橋区徳丸六丁目27-11,,,unknown,板橋区,徳丸,公衆トイレ,https://catalog.data.metro.tokyo.lg.jp/dataset/t131199d0000000005,自治体公式オープンデータ収録。名称・住所を一次データ由来候補として整備。座標は公式値を確認できないため推測せずnull。
徳丸ケ原公園 トイレ,東京都板橋区高島平八丁目24-1,,,unknown,板橋区,高島平,公衆トイレ,https://catalog.data.metro.tokyo.lg.jp/dataset/t131199d0000000005,自治体公式オープンデータ収録。名称・住所を一次データ由来候補として整備。座標は公式値を確認できないため推測せずnull。
徳丸一丁目公園 トイレ,東京都板橋区徳丸一丁目35-1,,,unknown,板橋区,徳丸,公衆トイレ,https://catalog.data.metro.tokyo.lg.jp/dataset/t131199d0000000005,自治体公式オープンデータ収録。名称・住所を一次データ由来候補として整備。座標は公式値を確認できないため推測せずnull。
徳丸一丁目西児童遊園 トイレ,東京都板橋区徳丸一丁目6-3,,,unknown,板橋区,徳丸,公衆トイレ,https://catalog.data.metro.tokyo.lg.jp/dataset/t131199d0000000005,自治体公式オープンデータ収録。名称・住所を一次データ由来候補として整備。座標は公式値を確認できないため推測せずnull。
徳丸三ツ和公園 トイレ,東京都板橋区徳丸五丁目32-9,,,unknown,板橋区,徳丸,公衆トイレ,https://catalog.data.metro.tokyo.lg.jp/dataset/t131199d0000000005,自治体公式オープンデータ収録。名称・住所を一次データ由来候補として整備。座標は公式値を確認できないため推測せずnull。
徳丸二丁目児童遊園 トイレ,東京都板橋区徳丸二丁目23-17,,,unknown,板橋区,徳丸,公衆トイレ,https://catalog.data.metro.tokyo.lg.jp/dataset/t131199d0000000005,自治体公式オープンデータ収録。名称・住所を一次データ由来候補として整備。座標は公式値を確認できないため推測せずnull。
徳丸二丁目第二児童遊園 トイレ,東京都板橋区徳丸二丁目16-6,,,unknown,板橋区,徳丸,公衆トイレ,https://catalog.data.metro.tokyo.lg.jp/dataset/t131199d0000000005,自治体公式オープンデータ収録。名称・住所を一次データ由来候補として整備。座標は公式値を確認できないため推測せずnull。
徳丸公園 トイレ,東京都板橋区徳丸四丁目5-1,,,unknown,板橋区,徳丸,公衆トイレ,https://catalog.data.metro.tokyo.lg.jp/dataset/t131199d0000000005,自治体公式オープンデータ収録。名称・住所を一次データ由来候補として整備。座標は公式値を確認できないため推測せずnull。
徳丸本町公園 トイレ,東京都板橋区徳丸四丁目20-10,,,unknown,板橋区,徳丸,公衆トイレ,https://catalog.data.metro.tokyo.lg.jp/dataset/t131199d0000000005,自治体公式オープンデータ収録。名称・住所を一次データ由来候補として整備。座標は公式値を確認できないため推測せずnull。
徳丸橋公園 トイレ,東京都板橋区新河岸一丁目3-7,,,unknown,板橋区,新河岸,公衆トイレ,https://catalog.data.metro.tokyo.lg.jp/dataset/t131199d0000000005,自治体公式オープンデータ収録。名称・住所を一次データ由来候補として整備。座標は公式値を確認できないため推測せずnull。
徳丸第二公園 トイレ,東京都板橋区徳丸二丁目8-5,,,unknown,板橋区,徳丸,公衆トイレ,https://catalog.data.metro.tokyo.lg.jp/dataset/t131199d0000000005,自治体公式オープンデータ収録。名称・住所を一次データ由来候補として整備。座標は公式値を確認できないため推測せずnull。
徳丸高山公園 トイレ,東京都板橋区徳丸六丁目11-14,,,unknown,板橋区,徳丸,公衆トイレ,https://catalog.data.metro.tokyo.lg.jp/dataset/t131199d0000000005,自治体公式オープンデータ収録。名称・住所を一次データ由来候補として整備。座標は公式値を確認できないため推測せずnull。
徳石公園 トイレ,東京都板橋区徳丸五丁目10-16,,,unknown,板橋区,徳丸,公衆トイレ,https://catalog.data.metro.tokyo.lg.jp/dataset/t131199d0000000005,自治体公式オープンデータ収録。名称・住所を一次データ由来候補として整備。座標は公式値を確認できないため推測せずnull。
志村公園 トイレ,東京都板橋区坂下一丁目5-18,,,unknown,板橋区,坂下,公衆トイレ,https://catalog.data.metro.tokyo.lg.jp/dataset/t131199d0000000005,自治体公式オープンデータ収録。名称・住所を一次データ由来候補として整備。座標は公式値を確認できないため推測せずnull。
志村坂上公衆便所,東京都板橋区志村二丁目3-2,,,unknown,板橋区,志村,公衆トイレ,https://catalog.data.metro.tokyo.lg.jp/dataset/t131199d0000000005,自治体公式オープンデータ収録。名称・住所を一次データ由来候補として整備。座標は公式値を確認できないため推測せずnull。
志村坂下公衆便所,東京都板橋区東坂下二丁目15,,,unknown,板橋区,東坂下,公衆トイレ,https://catalog.data.metro.tokyo.lg.jp/dataset/t131199d0000000005,自治体公式オープンデータ収録。名称・住所を一次データ由来候補として整備。座標は公式値を確認できないため推測せずnull。
志村城山公園 トイレ,東京都板橋区志村二丁目17-1,,,unknown,板橋区,志村,公衆トイレ,https://catalog.data.metro.tokyo.lg.jp/dataset/t131199d0000000005,自治体公式オープンデータ収録。名称・住所を一次データ由来候補として整備。座標は公式値を確認できないため推測せずnull。
志村第三公園 トイレ,東京都板橋区志村一丁目21-8,,,unknown,板橋区,志村,公衆トイレ,https://catalog.data.metro.tokyo.lg.jp/dataset/t131199d0000000005,自治体公式オープンデータ収録。名称・住所を一次データ由来候補として整備。座標は公式値を確認できないため推測せずnull。
志村第二公園 トイレ,東京都板橋区前野町五丁目56-1,,,unknown,板橋区,前野町,公衆トイレ,https://catalog.data.metro.tokyo.lg.jp/dataset/t131199d0000000005,自治体公式オープンデータ収録。名称・住所を一次データ由来候補として整備。座標は公式値を確認できないため推測せずnull。
愛染児童遊園 トイレ,東京都板橋区大和町43-1,,,unknown,板橋区,大和町,公衆トイレ,https://catalog.data.metro.tokyo.lg.jp/dataset/t131199d0000000005,自治体公式オープンデータ収録。名称・住所を一次データ由来候補として整備。座標は公式値を確認できないため推測せずnull。
成増うめの里公園 トイレ,東京都板橋区成増五丁目4,,,unknown,板橋区,成増,公衆トイレ,https://catalog.data.metro.tokyo.lg.jp/dataset/t131199d0000000005,自治体公式オープンデータ収録。名称・住所を一次データ由来候補として整備。座標は公式値を確認できないため推測せずnull。
成増児童遊園 トイレ,東京都板橋区成増二丁目24-8,,,unknown,板橋区,成増,公衆トイレ,https://catalog.data.metro.tokyo.lg.jp/dataset/t131199d0000000005,自治体公式オープンデータ収録。名称・住所を一次データ由来候補として整備。座標は公式値を確認できないため推測せずnull。
成増公園 トイレ,東京都板橋区成増三丁目4-9,,,unknown,板橋区,成増,公衆トイレ,https://catalog.data.metro.tokyo.lg.jp/dataset/t131199d0000000005,自治体公式オープンデータ収録。名称・住所を一次データ由来候補として整備。座標は公式値を確認できないため推測せずnull。
成増北第一公園 トイレ,東京都板橋区成増五丁目19-1,,,unknown,板橋区,成増,公衆トイレ,https://catalog.data.metro.tokyo.lg.jp/dataset/t131199d0000000005,自治体公式オープンデータ収録。名称・住所を一次データ由来候補として整備。座標は公式値を確認できないため推測せずnull。
成増北第二公園 トイレ,東京都板橋区成増五丁目19-2,,,unknown,板橋区,成増,公衆トイレ,https://catalog.data.metro.tokyo.lg.jp/dataset/t131199d0000000005,自治体公式オープンデータ収録。名称・住所を一次データ由来候補として整備。座標は公式値を確認できないため推測せずnull。
成増駅南口公衆便所,東京都板橋区成増二丁目14-7,,,unknown,板橋区,成増,公衆トイレ,https://catalog.data.metro.tokyo.lg.jp/dataset/t131199d0000000005,自治体公式オープンデータ収録。名称・住所を一次データ由来候補として整備。座標は公式値を確認できないため推測せずnull。
戸田川公園 トイレ,東京都板橋区新河岸二丁目10-1,,,unknown,板橋区,新河岸,公衆トイレ,https://catalog.data.metro.tokyo.lg.jp/dataset/t131199d0000000005,自治体公式オープンデータ収録。名称・住所を一次データ由来候補として整備。座標は公式値を確認できないため推測せずnull。
戸田橋際公衆便所,東京都板橋区舟渡二丁目25-10,,,unknown,板橋区,舟渡,公衆トイレ,https://catalog.data.metro.tokyo.lg.jp/dataset/t131199d0000000005,自治体公式オープンデータ収録。名称・住所を一次データ由来候補として整備。座標は公式値を確認できないため推測せずnull。
新河岸一丁目公園 トイレ,東京都板橋区新河岸一丁目3-6,,,unknown,板橋区,新河岸,公衆トイレ,https://catalog.data.metro.tokyo.lg.jp/dataset/t131199d0000000005,自治体公式オープンデータ収録。名称・住所を一次データ由来候補として整備。座標は公式値を確認できないため推測せずnull。
新河岸公園 トイレ,東京都板橋区新河岸三丁目9-1,,,unknown,板橋区,新河岸,公衆トイレ,https://catalog.data.metro.tokyo.lg.jp/dataset/t131199d0000000005,自治体公式オープンデータ収録。名称・住所を一次データ由来候補として整備。座標は公式値を確認できないため推測せずnull。
日暮台公園 トイレ,東京都板橋区前野町五丁目20-15,,,unknown,板橋区,前野町,公衆トイレ,https://catalog.data.metro.tokyo.lg.jp/dataset/t131199d0000000005,自治体公式オープンデータ収録。名称・住所を一次データ由来候補として整備。座標は公式値を確認できないため推測せずnull。
昆虫公園 トイレ,東京都板橋区徳丸三丁目37-9,,,unknown,板橋区,徳丸,公衆トイレ,https://catalog.data.metro.tokyo.lg.jp/dataset/t131199d0000000005,自治体公式オープンデータ収録。名称・住所を一次データ由来候補として整備。座標は公式値を確認できないため推測せずnull。
本町児童遊園 トイレ,東京都板橋区本町4-22,,,unknown,板橋区,本町,公衆トイレ,https://catalog.data.metro.tokyo.lg.jp/dataset/t131199d0000000005,自治体公式オープンデータ収録。名称・住所を一次データ由来候補として整備。座標は公式値を確認できないため推測せずnull。
本町公衆便所,東京都板橋区本町18-5,,,unknown,板橋区,本町,公衆トイレ,https://catalog.data.metro.tokyo.lg.jp/dataset/t131199d0000000005,自治体公式オープンデータ収録。名称・住所を一次データ由来候補として整備。座標は公式値を確認できないため推測せずnull。
本蓮沼公園 トイレ,東京都板橋区蓮沼町27-4,,,unknown,板橋区,蓮沼町,公衆トイレ,https://catalog.data.metro.tokyo.lg.jp/dataset/t131199d0000000005,自治体公式オープンデータ収録。名称・住所を一次データ由来候補として整備。座標は公式値を確認できないため推測せずnull。
本蓮沼駅前いずみ公園 トイレ,東京都板橋区泉町5,,,unknown,板橋区,泉町,公衆トイレ,https://catalog.data.metro.tokyo.lg.jp/dataset/t131199d0000000005,自治体公式オープンデータ収録。名称・住所を一次データ由来候補として整備。座標は公式値を確認できないため推測せずnull。
東原公園 トイレ,東京都板橋区小豆沢一丁目20-13,,,unknown,板橋区,小豆沢,公衆トイレ,https://catalog.data.metro.tokyo.lg.jp/dataset/t131199d0000000005,自治体公式オープンデータ収録。名称・住所を一次データ由来候補として整備。座標は公式値を確認できないため推測せずnull。
東坂下二丁目公園 トイレ,東京都板橋区東坂下二丁目9-2,,,unknown,板橋区,東坂下,公衆トイレ,https://catalog.data.metro.tokyo.lg.jp/dataset/t131199d0000000005,自治体公式オープンデータ収録。名称・住所を一次データ由来候補として整備。座標は公式値を確認できないため推測せずnull。
東山みなみ公園 トイレ,東京都板橋区東山町23-2,,,unknown,板橋区,東山町,公衆トイレ,https://catalog.data.metro.tokyo.lg.jp/dataset/t131199d0000000005,自治体公式オープンデータ収録。名称・住所を一次データ由来候補として整備。座標は公式値を確認できないため推測せずnull。
東山公園 トイレ,東京都板橋区東山町52-8,,,unknown,板橋区,東山町,公衆トイレ,https://catalog.data.metro.tokyo.lg.jp/dataset/t131199d0000000005,自治体公式オープンデータ収録。名称・住所を一次データ由来候補として整備。座標は公式値を確認できないため推測せずnull。
東新児童遊園 トイレ,東京都板橋区東新町二丁目51-9,,,unknown,板橋区,東新町,公衆トイレ,https://catalog.data.metro.tokyo.lg.jp/dataset/t131199d0000000005,自治体公式オープンデータ収録。名称・住所を一次データ由来候補として整備。座標は公式値を確認できないため推測せずnull。
東板橋公園 トイレ,東京都板橋区板橋三丁目50-1,,,unknown,板橋区,板橋,公衆トイレ,https://catalog.data.metro.tokyo.lg.jp/dataset/t131199d0000000005,自治体公式オープンデータ収録。名称・住所を一次データ由来候補として整備。座標は公式値を確認できないため推測せずnull。
東板橋公園(動物園事務所棟) トイレ,東京都板橋区板橋三丁目50-1,,,unknown,板橋区,板橋,公衆トイレ,https://catalog.data.metro.tokyo.lg.jp/dataset/t131199d0000000005,自治体公式オープンデータ収録。名称・住所を一次データ由来候補として整備。座標は公式値を確認できないため推測せずnull。
板橋二丁目フレンドパーク トイレ,東京都板橋区板橋二丁目3-27,,,unknown,板橋区,板橋,公衆トイレ,https://catalog.data.metro.tokyo.lg.jp/dataset/t131199d0000000005,自治体公式オープンデータ収録。名称・住所を一次データ由来候補として整備。座標は公式値を確認できないため推測せずnull。
板橋公園 トイレ,東京都板橋区大山西町21-1,,,unknown,板橋区,大山西町,公衆トイレ,https://catalog.data.metro.tokyo.lg.jp/dataset/t131199d0000000005,自治体公式オープンデータ収録。名称・住所を一次データ由来候補として整備。座標は公式値を確認できないため推測せずnull。
板橋区平和公園 トイレ,東京都板橋区常盤台四丁目3-1,,,unknown,板橋区,常盤台,公衆トイレ,https://catalog.data.metro.tokyo.lg.jp/dataset/t131199d0000000005,自治体公式オープンデータ収録。名称・住所を一次データ由来候補として整備。座標は公式値を確認できないため推測せずnull。
板橋大山公園（北） トイレ,東京都板橋区栄町1,,,unknown,板橋区,栄町,公衆トイレ,https://catalog.data.metro.tokyo.lg.jp/dataset/t131199d0000000005,自治体公式オープンデータ収録。名称・住所を一次データ由来候補として整備。座標は公式値を確認できないため推測せずnull。
板橋大山公園（南） トイレ,東京都板橋区栄町35-1,,,unknown,板橋区,栄町,公衆トイレ,https://catalog.data.metro.tokyo.lg.jp/dataset/t131199d0000000005,自治体公式オープンデータ収録。名称・住所を一次データ由来候補として整備。座標は公式値を確認できないため推測せずnull。
板橋東いこいの森 トイレ,東京都板橋区板橋四丁目45-6,,,unknown,板橋区,板橋,公衆トイレ,https://catalog.data.metro.tokyo.lg.jp/dataset/t131199d0000000005,自治体公式オープンデータ収録。名称・住所を一次データ由来候補として整備。座標は公式値を確認できないため推測せずnull。
板橋第二公園 トイレ,東京都板橋区板橋二丁目52-2,,,unknown,板橋区,板橋,公衆トイレ,https://catalog.data.metro.tokyo.lg.jp/dataset/t131199d0000000005,自治体公式オープンデータ収録。名称・住所を一次データ由来候補として整備。座標は公式値を確認できないため推測せずnull。
板橋駅前公園 トイレ,東京都板橋区板橋一丁目23-1,,,unknown,板橋区,板橋,公衆トイレ,https://catalog.data.metro.tokyo.lg.jp/dataset/t131199d0000000005,自治体公式オープンデータ収録。名称・住所を一次データ由来候補として整備。座標は公式値を確認できないため推測せずnull。
板橋駅前公衆便所,東京都板橋区板橋一丁目15-3,,,unknown,板橋区,板橋,公衆トイレ,https://catalog.data.metro.tokyo.lg.jp/dataset/t131199d0000000005,自治体公式オープンデータ収録。名称・住所を一次データ由来候補として整備。座標は公式値を確認できないため推測せずnull。
板谷公園 トイレ,東京都板橋区板橋四丁目55-21,,,unknown,板橋区,板橋,公衆トイレ,https://catalog.data.metro.tokyo.lg.jp/dataset/t131199d0000000005,自治体公式オープンデータ収録。名称・住所を一次データ由来候補として整備。座標は公式値を確認できないため推測せずnull。
栄町19番遊び場 トイレ,東京都板橋区栄町19,,,unknown,板橋区,栄町,公衆トイレ,https://catalog.data.metro.tokyo.lg.jp/dataset/t131199d0000000005,自治体公式オープンデータ収録。名称・住所を一次データ由来候補として整備。座標は公式値を確認できないため推測せずnull。
桜川三丁目18番遊び場 トイレ,東京都板橋区桜川三丁目18,,,unknown,板橋区,桜川,公衆トイレ,https://catalog.data.metro.tokyo.lg.jp/dataset/t131199d0000000005,自治体公式オープンデータ収録。名称・住所を一次データ由来候補として整備。座標は公式値を確認できないため推測せずnull。
水久保公園 トイレ,東京都板橋区常盤台三丁目15-7,,,unknown,板橋区,常盤台,公衆トイレ,https://catalog.data.metro.tokyo.lg.jp/dataset/t131199d0000000005,自治体公式オープンデータ収録。名称・住所を一次データ由来候補として整備。座標は公式値を確認できないため推測せずnull。
水車公園 トイレ,東京都板橋区四葉一丁目17-12,,,unknown,板橋区,板橋区,公衆トイレ,https://catalog.data.metro.tokyo.lg.jp/dataset/t131199d0000000005,自治体公式オープンデータ収録。名称・住所を一次データ由来候補として整備。座標は公式値を確認できないため推測せずnull。
氷川つり堀公園 トイレ,東京都板橋区氷川町21-15,,,unknown,板橋区,氷川町,公衆トイレ,https://catalog.data.metro.tokyo.lg.jp/dataset/t131199d0000000005,自治体公式オープンデータ収録。名称・住所を一次データ由来候補として整備。座標は公式値を確認できないため推測せずnull。
氷川児童遊園 トイレ,東京都板橋区双葉町43-15,,,unknown,板橋区,双葉町,公衆トイレ,https://catalog.data.metro.tokyo.lg.jp/dataset/t131199d0000000005,自治体公式オープンデータ収録。名称・住所を一次データ由来候補として整備。座標は公式値を確認できないため推測せずnull。
沖口公園 トイレ,東京都板橋区四葉二丁目26-11,,,unknown,板橋区,板橋区,公衆トイレ,https://catalog.data.metro.tokyo.lg.jp/dataset/t131199d0000000005,自治体公式オープンデータ収録。名称・住所を一次データ由来候補として整備。座標は公式値を確認できないため推測せずnull。
紅梅公園 トイレ,東京都板橋区徳丸八丁目5,,,unknown,板橋区,徳丸,公衆トイレ,https://catalog.data.metro.tokyo.lg.jp/dataset/t131199d0000000005,自治体公式オープンデータ収録。名称・住所を一次データ由来候補として整備。座標は公式値を確認できないため推測せずnull。
緑ケ丘第一公園 トイレ,東京都板橋区東新町一丁目27-8,,,unknown,板橋区,東新町,公衆トイレ,https://catalog.data.metro.tokyo.lg.jp/dataset/t131199d0000000005,自治体公式オープンデータ収録。名称・住所を一次データ由来候補として整備。座標は公式値を確認できないため推測せずnull。
緑ケ丘第三公園 トイレ,東京都板橋区桜川三丁目9-1,,,unknown,板橋区,桜川,公衆トイレ,https://catalog.data.metro.tokyo.lg.jp/dataset/t131199d0000000005,自治体公式オープンデータ収録。名称・住所を一次データ由来候補として整備。座標は公式値を確認できないため推測せずnull。
緑ケ丘第二公園 トイレ,東京都板橋区桜川二丁目18-1,,,unknown,板橋区,桜川,公衆トイレ,https://catalog.data.metro.tokyo.lg.jp/dataset/t131199d0000000005,自治体公式オープンデータ収録。名称・住所を一次データ由来候補として整備。座標は公式値を確認できないため推測せずnull。
舟渡一丁目児童遊園 トイレ,東京都板橋区舟渡一丁目7-21,,,unknown,板橋区,舟渡,公衆トイレ,https://catalog.data.metro.tokyo.lg.jp/dataset/t131199d0000000005,自治体公式オープンデータ収録。名称・住所を一次データ由来候補として整備。座標は公式値を確認できないため推測せずnull。
舟渡三丁目こども広場 トイレ,東京都板橋区舟渡三丁目23-14,,,unknown,板橋区,舟渡,公衆トイレ,https://catalog.data.metro.tokyo.lg.jp/dataset/t131199d0000000005,自治体公式オープンデータ収録。名称・住所を一次データ由来候補として整備。座標は公式値を確認できないため推測せずnull。
舟渡三丁目公園 トイレ,東京都板橋区舟渡三丁目19-9,,,unknown,板橋区,舟渡,公衆トイレ,https://catalog.data.metro.tokyo.lg.jp/dataset/t131199d0000000005,自治体公式オープンデータ収録。名称・住所を一次データ由来候補として整備。座標は公式値を確認できないため推測せずnull。
舟渡二丁目児童遊園 トイレ,東京都板橋区舟渡二丁目33-10,,,unknown,板橋区,舟渡,公衆トイレ,https://catalog.data.metro.tokyo.lg.jp/dataset/t131199d0000000005,自治体公式オープンデータ収録。名称・住所を一次データ由来候補として整備。座標は公式値を確認できないため推測せずnull。
舟渡水辺公園 トイレ,東京都板橋区舟渡四丁目4,,,unknown,板橋区,舟渡,公衆トイレ,https://catalog.data.metro.tokyo.lg.jp/dataset/t131199d0000000005,自治体公式オープンデータ収録。名称・住所を一次データ由来候補として整備。座標は公式値を確認できないため推測せずnull。
若木三丁目貝塚公園 トイレ,東京都板橋区若木三丁目4-4,,,unknown,板橋区,若木,公衆トイレ,https://catalog.data.metro.tokyo.lg.jp/dataset/t131199d0000000005,自治体公式オープンデータ収録。名称・住所を一次データ由来候補として整備。座標は公式値を確認できないため推測せずnull。
若木公園 トイレ,東京都板橋区若木二丁目31-16,,,unknown,板橋区,若木,公衆トイレ,https://catalog.data.metro.tokyo.lg.jp/dataset/t131199d0000000005,自治体公式オープンデータ収録。名称・住所を一次データ由来候補として整備。座標は公式値を確認できないため推測せずnull。
若木北公園 トイレ,東京都板橋区若木三丁目7-1,,,unknown,板橋区,若木,公衆トイレ,https://catalog.data.metro.tokyo.lg.jp/dataset/t131199d0000000005,自治体公式オープンデータ収録。名称・住所を一次データ由来候補として整備。座標は公式値を確認できないため推測せずnull。
若木原公園 トイレ,東京都板橋区若木一丁目24-4,,,unknown,板橋区,若木,公衆トイレ,https://catalog.data.metro.tokyo.lg.jp/dataset/t131199d0000000005,自治体公式オープンデータ収録。名称・住所を一次データ由来候補として整備。座標は公式値を確認できないため推測せずnull。
若木第二公園 トイレ,東京都板橋区若木二丁目14-8,,,unknown,板橋区,若木,公衆トイレ,https://catalog.data.metro.tokyo.lg.jp/dataset/t131199d0000000005,自治体公式オープンデータ収録。名称・住所を一次データ由来候補として整備。座標は公式値を確認できないため推測せずnull。
茂呂山公園 トイレ,東京都板橋区小茂根五丁目2-17,,,unknown,板橋区,小茂根,公衆トイレ,https://catalog.data.metro.tokyo.lg.jp/dataset/t131199d0000000005,自治体公式オープンデータ収録。名称・住所を一次データ由来候補として整備。座標は公式値を確認できないため推測せずnull。
蓮根ねっぱ公園 トイレ,東京都板橋区蓮根一丁目14-16,,,unknown,板橋区,蓮根,公衆トイレ,https://catalog.data.metro.tokyo.lg.jp/dataset/t131199d0000000005,自治体公式オープンデータ収録。名称・住所を一次データ由来候補として整備。座標は公式値を確認できないため推測せずnull。
蓮根みなみ公園 トイレ,東京都板橋区蓮根一丁目2-8,,,unknown,板橋区,蓮根,公衆トイレ,https://catalog.data.metro.tokyo.lg.jp/dataset/t131199d0000000005,自治体公式オープンデータ収録。名称・住所を一次データ由来候補として整備。座標は公式値を確認できないため推測せずnull。
蓮根三丁目公園 トイレ,東京都板橋区蓮根三丁目15-4,,,unknown,板橋区,蓮根,公衆トイレ,https://catalog.data.metro.tokyo.lg.jp/dataset/t131199d0000000005,自治体公式オープンデータ収録。名称・住所を一次データ由来候補として整備。座標は公式値を確認できないため推測せずnull。
蓮根三丁目公衆便所,東京都板橋区蓮根三丁目15-7,,,unknown,板橋区,蓮根,公衆トイレ,https://catalog.data.metro.tokyo.lg.jp/dataset/t131199d0000000005,自治体公式オープンデータ収録。名称・住所を一次データ由来候補として整備。座標は公式値を確認できないため推測せずnull。
蓮根二丁目公園 トイレ,東京都板橋区蓮根二丁目28-14,,,unknown,板橋区,蓮根,公衆トイレ,https://catalog.data.metro.tokyo.lg.jp/dataset/t131199d0000000005,自治体公式オープンデータ収録。名称・住所を一次データ由来候補として整備。座標は公式値を確認できないため推測せずnull。
蓮根児童遊園 トイレ,東京都板橋区蓮根二丁目6-15,,,unknown,板橋区,蓮根,公衆トイレ,https://catalog.data.metro.tokyo.lg.jp/dataset/t131199d0000000005,自治体公式オープンデータ収録。名称・住所を一次データ由来候補として整備。座標は公式値を確認できないため推測せずnull。
西台駅前公衆便所,東京都板橋区高島平一丁目80-1,,,unknown,板橋区,高島平,公衆トイレ,https://catalog.data.metro.tokyo.lg.jp/dataset/t131199d0000000005,自治体公式オープンデータ収録。名称・住所を一次データ由来候補として整備。座標は公式値を確認できないため推測せずnull。
あすなろ児童遊園 トイレ,東京都江戸川区北葛西4-4-1,,,unknown,江戸川区,北葛西,公衆トイレ,https://catalog.data.metro.tokyo.lg.jp/dataset/t131237d0000000257,自治体公式オープンデータ収録。名称・住所を一次データ由来候補として整備。座標は公式値を確認できないため推測せずnull。
みずえの森公園 トイレ,東京都江戸川区瑞江4-29-1,,,unknown,江戸川区,瑞江,公衆トイレ,https://catalog.data.metro.tokyo.lg.jp/dataset/t131237d0000000257,自治体公式オープンデータ収録。名称・住所を一次データ由来候補として整備。座標は公式値を確認できないため推測せずnull。
みずえ中央公園 トイレ,東京都江戸川区瑞江2-40-10,,,unknown,江戸川区,瑞江,公衆トイレ,https://catalog.data.metro.tokyo.lg.jp/dataset/t131237d0000000257,自治体公式オープンデータ収録。名称・住所を一次データ由来候補として整備。座標は公式値を確認できないため推測せずnull。
みなみ児童遊園 トイレ,東京都江戸川区松島2-9-14,,,unknown,江戸川区,松島,公衆トイレ,https://catalog.data.metro.tokyo.lg.jp/dataset/t131237d0000000257,自治体公式オープンデータ収録。名称・住所を一次データ由来候補として整備。座標は公式値を確認できないため推測せずnull。
やまびこ公園 トイレ,東京都江戸川区清新町1-1-39,,,unknown,江戸川区,清新町,公衆トイレ,https://catalog.data.metro.tokyo.lg.jp/dataset/t131237d0000000257,自治体公式オープンデータ収録。名称・住所を一次データ由来候補として整備。座標は公式値を確認できないため推測せずnull。
りす児童遊園 トイレ,東京都江戸川区平井6-59-1,,,unknown,江戸川区,平井,公衆トイレ,https://catalog.data.metro.tokyo.lg.jp/dataset/t131237d0000000257,自治体公式オープンデータ収録。名称・住所を一次データ由来候補として整備。座標は公式値を確認できないため推測せずnull。
りんどう公園 トイレ,東京都江戸川区瑞江3-42-1,,,unknown,江戸川区,瑞江,公衆トイレ,https://catalog.data.metro.tokyo.lg.jp/dataset/t131237d0000000257,自治体公式オープンデータ収録。名称・住所を一次データ由来候補として整備。座標は公式値を確認できないため推測せずnull。
ろばさん公園 トイレ,東京都江戸川区西一之江4-12-5,,,unknown,江戸川区,西,公衆トイレ,https://catalog.data.metro.tokyo.lg.jp/dataset/t131237d0000000257,自治体公式オープンデータ収録。名称・住所を一次データ由来候補として整備。座標は公式値を確認できないため推測せずnull。
わかくさ公園 トイレ,東京都江戸川区清新町1-4-18,,,unknown,江戸川区,清新町,公衆トイレ,https://catalog.data.metro.tokyo.lg.jp/dataset/t131237d0000000257,自治体公式オープンデータ収録。名称・住所を一次データ由来候補として整備。座標は公式値を確認できないため推測せずnull。
一之江さくら公園 トイレ,東京都江戸川区一之江1-4-24,,,unknown,江戸川区,江戸川区,公衆トイレ,https://catalog.data.metro.tokyo.lg.jp/dataset/t131237d0000000257,自治体公式オープンデータ収録。名称・住所を一次データ由来候補として整備。座標は公式値を確認できないため推測せずnull。
一之江しいのき公園 トイレ,東京都江戸川区一之江7-7-1,,,unknown,江戸川区,江戸川区,公衆トイレ,https://catalog.data.metro.tokyo.lg.jp/dataset/t131237d0000000257,自治体公式オープンデータ収録。名称・住所を一次データ由来候補として整備。座標は公式値を確認できないため推測せずnull。
一之江ひだまり公園 トイレ,東京都江戸川区一之江7-69-1,,,unknown,江戸川区,江戸川区,公衆トイレ,https://catalog.data.metro.tokyo.lg.jp/dataset/t131237d0000000257,自治体公式オープンデータ収録。名称・住所を一次データ由来候補として整備。座標は公式値を確認できないため推測せずnull。
一之江フレンド公園 トイレ,東京都江戸川区一之江7-42-6,,,unknown,江戸川区,江戸川区,公衆トイレ,https://catalog.data.metro.tokyo.lg.jp/dataset/t131237d0000000257,自治体公式オープンデータ収録。名称・住所を一次データ由来候補として整備。座標は公式値を確認できないため推測せずnull。
一之江ゆりのき公園 トイレ,東京都江戸川区一之江8-11-22,,,unknown,江戸川区,江戸川区,公衆トイレ,https://catalog.data.metro.tokyo.lg.jp/dataset/t131237d0000000257,自治体公式オープンデータ収録。名称・住所を一次データ由来候補として整備。座標は公式値を確認できないため推測せずnull。
一之江一丁目児童遊園 トイレ,東京都江戸川区一之江1-15-14,,,unknown,江戸川区,江戸川区,公衆トイレ,https://catalog.data.metro.tokyo.lg.jp/dataset/t131237d0000000257,自治体公式オープンデータ収録。名称・住所を一次データ由来候補として整備。座標は公式値を確認できないため推測せずnull。
一之江一丁目公園 トイレ,東京都江戸川区一之江1-6-8,,,unknown,江戸川区,江戸川区,公衆トイレ,https://catalog.data.metro.tokyo.lg.jp/dataset/t131237d0000000257,自治体公式オープンデータ収録。名称・住所を一次データ由来候補として整備。座標は公式値を確認できないため推測せずnull。
一之江三丁目公園 トイレ,東京都江戸川区一之江3-27-14,,,unknown,江戸川区,江戸川区,公衆トイレ,https://catalog.data.metro.tokyo.lg.jp/dataset/t131237d0000000257,自治体公式オープンデータ収録。名称・住所を一次データ由来候補として整備。座標は公式値を確認できないため推測せずnull。
一之江三丁目南公園 トイレ,東京都江戸川区一之江3-9-8,,,unknown,江戸川区,江戸川区,公衆トイレ,https://catalog.data.metro.tokyo.lg.jp/dataset/t131237d0000000257,自治体公式オープンデータ収録。名称・住所を一次データ由来候補として整備。座標は公式値を確認できないため推測せずnull。
一之江中央児童遊園 トイレ,東京都江戸川区一之江7-20-10,,,unknown,江戸川区,江戸川区,公衆トイレ,https://catalog.data.metro.tokyo.lg.jp/dataset/t131237d0000000257,自治体公式オープンデータ収録。名称・住所を一次データ由来候補として整備。座標は公式値を確認できないため推測せずnull。
一之江駅西口 トイレ,東京都江戸川区一之江7-36,,,unknown,江戸川区,江戸川区,公衆トイレ,https://catalog.data.metro.tokyo.lg.jp/dataset/t131237d0000000257,自治体公式オープンデータ収録。名称・住所を一次データ由来候補として整備。座標は公式値を確認できないため推測せずnull。
三角 トイレ,東京都江戸川区江戸川6-24,,,unknown,江戸川区,江戸川,公衆トイレ,https://catalog.data.metro.tokyo.lg.jp/dataset/t131237d0000000257,自治体公式オープンデータ収録。名称・住所を一次データ由来候補として整備。座標は公式値を確認できないため推測せずnull。
上一色児童遊園 トイレ,東京都江戸川区上一色3-13-11,,,unknown,江戸川区,上,公衆トイレ,https://catalog.data.metro.tokyo.lg.jp/dataset/t131237d0000000257,自治体公式オープンデータ収録。名称・住所を一次データ由来候補として整備。座標は公式値を確認できないため推測せずnull。
上小岩親水緑道 トイレ,東京都江戸川区北小岩8-29-9,,,unknown,江戸川区,北小岩,公衆トイレ,https://catalog.data.metro.tokyo.lg.jp/dataset/t131237d0000000257,自治体公式オープンデータ収録。名称・住所を一次データ由来候補として整備。座標は公式値を確認できないため推測せずnull。
上篠崎四丁目公園 トイレ,東京都江戸川区上篠崎4-28-1,,,unknown,江戸川区,上篠崎,公衆トイレ,https://catalog.data.metro.tokyo.lg.jp/dataset/t131237d0000000257,自治体公式オープンデータ収録。名称・住所を一次データ由来候補として整備。座標は公式値を確認できないため推測せずnull。
上篠崎広場 トイレ,東京都江戸川区上篠崎4-3,,,unknown,江戸川区,上篠崎,公衆トイレ,https://catalog.data.metro.tokyo.lg.jp/dataset/t131237d0000000257,自治体公式オープンデータ収録。名称・住所を一次データ由来候補として整備。座標は公式値を確認できないため推測せずnull。
下今井児童遊園 トイレ,東京都江戸川区江戸川5-28,,,unknown,江戸川区,江戸川,公衆トイレ,https://catalog.data.metro.tokyo.lg.jp/dataset/t131237d0000000257,自治体公式オープンデータ収録。名称・住所を一次データ由来候補として整備。座標は公式値を確認できないため推測せずnull。
下篠崎ふれあい公園 トイレ,東京都江戸川区篠崎町4-15-28,,,unknown,江戸川区,篠崎町,公衆トイレ,https://catalog.data.metro.tokyo.lg.jp/dataset/t131237d0000000257,自治体公式オープンデータ収録。名称・住所を一次データ由来候補として整備。座標は公式値を確認できないため推測せずnull。
下篠崎児童遊園 トイレ,東京都江戸川区下篠崎町12-10,,,unknown,江戸川区,下篠崎町,公衆トイレ,https://catalog.data.metro.tokyo.lg.jp/dataset/t131237d0000000257,自治体公式オープンデータ収録。名称・住所を一次データ由来候補として整備。座標は公式値を確認できないため推測せずnull。
下篠崎第二児童遊園 トイレ,東京都江戸川区下篠崎町18-13,,,unknown,江戸川区,下篠崎町,公衆トイレ,https://catalog.data.metro.tokyo.lg.jp/dataset/t131237d0000000257,自治体公式オープンデータ収録。名称・住所を一次データ由来候補として整備。座標は公式値を確認できないため推測せずnull。
下鎌田さくら公園 トイレ,東京都江戸川区東瑞江2-6-15,,,unknown,江戸川区,東瑞江,公衆トイレ,https://catalog.data.metro.tokyo.lg.jp/dataset/t131237d0000000257,自治体公式オープンデータ収録。名称・住所を一次データ由来候補として整備。座標は公式値を確認できないため推測せずnull。
下鎌田へび土手公園 トイレ,東京都江戸川区東瑞江1-38-23,,,unknown,江戸川区,東瑞江,公衆トイレ,https://catalog.data.metro.tokyo.lg.jp/dataset/t131237d0000000257,自治体公式オープンデータ収録。名称・住所を一次データ由来候補として整備。座標は公式値を確認できないため推測せずnull。
下鎌田東公園 トイレ,東京都江戸川区江戸川2-28-2,,,unknown,江戸川区,江戸川,公衆トイレ,https://catalog.data.metro.tokyo.lg.jp/dataset/t131237d0000000257,自治体公式オープンデータ収録。名称・住所を一次データ由来候補として整備。座標は公式値を確認できないため推測せずnull。
中図師さくら公園 トイレ,東京都江戸川区篠崎2-42,,,unknown,江戸川区,篠崎,公衆トイレ,https://catalog.data.metro.tokyo.lg.jp/dataset/t131237d0000000257,自治体公式オープンデータ収録。名称・住所を一次データ由来候補として整備。座標は公式値を確認できないため推測せずnull。
中央はなみずき公園 トイレ,東京都江戸川区一之江4-6-18,,,unknown,江戸川区,江戸川区,公衆トイレ,https://catalog.data.metro.tokyo.lg.jp/dataset/t131237d0000000257,自治体公式オープンデータ収録。名称・住所を一次データ由来候補として整備。座標は公式値を確認できないため推測せずnull。
中央一丁目公園 トイレ,東京都江戸川区中央1-13-5,,,unknown,江戸川区,中央,公衆トイレ,https://catalog.data.metro.tokyo.lg.jp/dataset/t131237d0000000257,自治体公式オープンデータ収録。名称・住所を一次データ由来候補として整備。座標は公式値を確認できないため推測せずnull。
中央一丁目東公園 トイレ,東京都江戸川区中央1-26-16,,,unknown,江戸川区,中央,公衆トイレ,https://catalog.data.metro.tokyo.lg.jp/dataset/t131237d0000000257,自治体公式オープンデータ収録。名称・住所を一次データ由来候補として整備。座標は公式値を確認できないため推測せずnull。
中央三丁目公園 トイレ,東京都江戸川区中央3-8-11,,,unknown,江戸川区,中央,公衆トイレ,https://catalog.data.metro.tokyo.lg.jp/dataset/t131237d0000000257,自治体公式オープンデータ収録。名称・住所を一次データ由来候補として整備。座標は公式値を確認できないため推測せずnull。
中央二丁目公園 トイレ,東京都江戸川区中央2-17-16,,,unknown,江戸川区,中央,公衆トイレ,https://catalog.data.metro.tokyo.lg.jp/dataset/t131237d0000000257,自治体公式オープンデータ収録。名称・住所を一次データ由来候補として整備。座標は公式値を確認できないため推測せずnull。
中央森林公園 西側 トイレ,東京都江戸川区松江7-24-10,,,unknown,江戸川区,松江,公衆トイレ,https://catalog.data.metro.tokyo.lg.jp/dataset/t131237d0000000257,自治体公式オープンデータ収録。名称・住所を一次データ由来候補として整備。座標は公式値を確認できないため推測せずnull。
中央森林公園 東側 トイレ,東京都江戸川区松江7-24-11,,,unknown,江戸川区,松江,公衆トイレ,https://catalog.data.metro.tokyo.lg.jp/dataset/t131237d0000000257,自治体公式オープンデータ収録。名称・住所を一次データ由来候補として整備。座標は公式値を確認できないため推測せずnull。
中川児童遊園 トイレ,東京都江戸川区平井6-77-6,,,unknown,江戸川区,平井,公衆トイレ,https://catalog.data.metro.tokyo.lg.jp/dataset/t131237d0000000257,自治体公式オープンデータ収録。名称・住所を一次データ由来候補として整備。座標は公式値を確認できないため推測せずnull。
中川新橋北 トイレ,東京都江戸川区平井二丁目2-24,,,unknown,江戸川区,平井,公衆トイレ,https://catalog.data.metro.tokyo.lg.jp/dataset/t131237d0000000257,自治体公式オープンデータ収録。名称・住所を一次データ由来候補として整備。座標は公式値を確認できないため推測せずnull。
中篠崎公園 トイレ,東京都江戸川区篠崎町3-12-21,,,unknown,江戸川区,篠崎町,公衆トイレ,https://catalog.data.metro.tokyo.lg.jp/dataset/t131237d0000000257,自治体公式オープンデータ収録。名称・住所を一次データ由来候補として整備。座標は公式値を確認できないため推測せずnull。
中葛西おひさま公園 トイレ,東京都江戸川区中葛西8-6-34,,,unknown,江戸川区,中葛西,公衆トイレ,https://catalog.data.metro.tokyo.lg.jp/dataset/t131237d0000000257,自治体公式オープンデータ収録。名称・住所を一次データ由来候補として整備。座標は公式値を確認できないため推測せずnull。
中葛西一丁目児童遊園 トイレ,東京都江戸川区中葛西1-2-18,,,unknown,江戸川区,中葛西,公衆トイレ,https://catalog.data.metro.tokyo.lg.jp/dataset/t131237d0000000257,自治体公式オープンデータ収録。名称・住所を一次データ由来候補として整備。座標は公式値を確認できないため推測せずnull。
中葛西五丁目児童遊園 トイレ,東京都江戸川区中葛西5-2-11,,,unknown,江戸川区,中葛西,公衆トイレ,https://catalog.data.metro.tokyo.lg.jp/dataset/t131237d0000000257,自治体公式オープンデータ収録。名称・住所を一次データ由来候補として整備。座標は公式値を確認できないため推測せずnull。
中葛西八丁目児童遊園 トイレ,東京都江戸川区中葛西8-13-11,,,unknown,江戸川区,中葛西,公衆トイレ,https://catalog.data.metro.tokyo.lg.jp/dataset/t131237d0000000257,自治体公式オープンデータ収録。名称・住所を一次データ由来候補として整備。座標は公式値を確認できないため推測せずnull。
二之江さくら公園 トイレ,東京都江戸川区二之江町1371,,,unknown,江戸川区,江戸川区,公衆トイレ,https://catalog.data.metro.tokyo.lg.jp/dataset/t131237d0000000257,自治体公式オープンデータ収録。名称・住所を一次データ由来候補として整備。座標は公式値を確認できないため推測せずnull。
二之江ひまわり公園 トイレ,東京都江戸川区春江町5-27-1,,,unknown,江戸川区,春江町,公衆トイレ,https://catalog.data.metro.tokyo.lg.jp/dataset/t131237d0000000257,自治体公式オープンデータ収録。名称・住所を一次データ由来候補として整備。座標は公式値を確認できないため推測せずnull。
二反割公園 トイレ,東京都江戸川区中葛西4-11-1,,,unknown,江戸川区,中葛西,公衆トイレ,https://catalog.data.metro.tokyo.lg.jp/dataset/t131237d0000000257,自治体公式オープンデータ収録。名称・住所を一次データ由来候補として整備。座標は公式値を確認できないため推測せずnull。
五之割公園 トイレ,東京都江戸川区西葛西3-21-2,,,unknown,江戸川区,西葛西,公衆トイレ,https://catalog.data.metro.tokyo.lg.jp/dataset/t131237d0000000257,自治体公式オープンデータ収録。名称・住所を一次データ由来候補として整備。座標は公式値を確認できないため推測せずnull。
五分一にまつ公園 トイレ,東京都江戸川区松島2-16-20,,,unknown,江戸川区,松島,公衆トイレ,https://catalog.data.metro.tokyo.lg.jp/dataset/t131237d0000000257,自治体公式オープンデータ収録。名称・住所を一次データ由来候補として整備。座標は公式値を確認できないため推測せずnull。
五分一児童遊園 トイレ,東京都江戸川区松島1-9-22,,,unknown,江戸川区,松島,公衆トイレ,https://catalog.data.metro.tokyo.lg.jp/dataset/t131237d0000000257,自治体公式オープンデータ収録。名称・住所を一次データ由来候補として整備。座標は公式値を確認できないため推測せずnull。
五北さくら公園 トイレ,東京都江戸川区大杉4-22-13,,,unknown,江戸川区,大杉,公衆トイレ,https://catalog.data.metro.tokyo.lg.jp/dataset/t131237d0000000257,自治体公式オープンデータ収録。名称・住所を一次データ由来候補として整備。座標は公式値を確認できないため推測せずnull。
京成小岩駅前 トイレ,東京都江戸川区北小岩6-13,,,unknown,江戸川区,北小岩,公衆トイレ,https://catalog.data.metro.tokyo.lg.jp/dataset/t131237d0000000257,自治体公式オープンデータ収録。名称・住所を一次データ由来候補として整備。座標は公式値を確認できないため推測せずnull。
今井北児童遊園 トイレ,東京都江戸川区江戸川3-49,,,unknown,江戸川区,江戸川,公衆トイレ,https://catalog.data.metro.tokyo.lg.jp/dataset/t131237d0000000257,自治体公式オープンデータ収録。名称・住所を一次データ由来候補として整備。座標は公式値を確認できないため推測せずnull。
仲割川遊歩道 トイレ,東京都江戸川区東葛西8-1,,,unknown,江戸川区,東葛西,公衆トイレ,https://catalog.data.metro.tokyo.lg.jp/dataset/t131237d0000000257,自治体公式オープンデータ収録。名称・住所を一次データ由来候補として整備。座標は公式値を確認できないため推測せずnull。
仲町公園 トイレ,東京都江戸川区東葛西6-12-1,,,unknown,江戸川区,東葛西,公衆トイレ,https://catalog.data.metro.tokyo.lg.jp/dataset/t131237d0000000257,自治体公式オープンデータ収録。名称・住所を一次データ由来候補として整備。座標は公式値を確認できないため推測せずnull。
八石公園 トイレ,東京都江戸川区春江町1-3-1,,,unknown,江戸川区,春江町,公衆トイレ,https://catalog.data.metro.tokyo.lg.jp/dataset/t131237d0000000257,自治体公式オープンデータ収録。名称・住所を一次データ由来候補として整備。座標は公式値を確認できないため推測せずnull。
前津公園 トイレ,東京都江戸川区東葛西4-48-1,,,unknown,江戸川区,東葛西,公衆トイレ,https://catalog.data.metro.tokyo.lg.jp/dataset/t131237d0000000257,自治体公式オープンデータ収録。名称・住所を一次データ由来候補として整備。座標は公式値を確認できないため推測せずnull。
前野公園 トイレ,東京都江戸川区東篠崎2-1-3,,,unknown,江戸川区,東篠崎,公衆トイレ,https://catalog.data.metro.tokyo.lg.jp/dataset/t131237d0000000257,自治体公式オープンデータ収録。名称・住所を一次データ由来候補として整備。座標は公式値を確認できないため推測せずnull。
北小岩かえで公園 トイレ,東京都江戸川区北小岩6-41-7,,,unknown,江戸川区,北小岩,公衆トイレ,https://catalog.data.metro.tokyo.lg.jp/dataset/t131237d0000000257,自治体公式オープンデータ収録。名称・住所を一次データ由来候補として整備。座標は公式値を確認できないため推測せずnull。
北小岩一丁目児童遊園 トイレ,東京都江戸川区北小岩1-14-12,,,unknown,江戸川区,北小岩,公衆トイレ,https://catalog.data.metro.tokyo.lg.jp/dataset/t131237d0000000257,自治体公式オープンデータ収録。名称・住所を一次データ由来候補として整備。座標は公式値を確認できないため推測せずnull。
北小岩七丁目児童遊園 トイレ,東京都江戸川区北小岩7-28-19,,,unknown,江戸川区,北小岩,公衆トイレ,https://catalog.data.metro.tokyo.lg.jp/dataset/t131237d0000000257,自治体公式オープンデータ収録。名称・住所を一次データ由来候補として整備。座標は公式値を確認できないため推測せずnull。
松江六丁目第二児童遊園 トイレ,東京都江戸川区松江6-11-18,,,unknown,江戸川区,松江,公衆トイレ,https://catalog.data.metro.tokyo.lg.jp/dataset/t131237d0000000257,自治体公式オープンデータ収録。名称・住所を一次データ由来候補として整備。座標は公式値を確認できないため推測せずnull。
松江四丁目児童遊園 トイレ,東京都江戸川区松江4-2-17,,,unknown,江戸川区,松江,公衆トイレ,https://catalog.data.metro.tokyo.lg.jp/dataset/t131237d0000000257,自治体公式オープンデータ収録。名称・住所を一次データ由来候補として整備。座標は公式値を確認できないため推測せずnull。
松江東児童遊園 トイレ,東京都江戸川区松江7-18-9,,,unknown,江戸川区,松江,公衆トイレ,https://catalog.data.metro.tokyo.lg.jp/dataset/t131237d0000000257,自治体公式オープンデータ収録。名称・住所を一次データ由来候補として整備。座標は公式値を確認できないため推測せずnull。
松江橋手洗所 トイレ,東京都江戸川区東小松川1-1,,,unknown,江戸川区,東小松川,公衆トイレ,https://catalog.data.metro.tokyo.lg.jp/dataset/t131237d0000000257,自治体公式オープンデータ収録。名称・住所を一次データ由来候補として整備。座標は公式値を確認できないため推測せずnull。
桑川公園 トイレ,東京都江戸川区東葛西1-27,,,unknown,江戸川区,東葛西,公衆トイレ,https://catalog.data.metro.tokyo.lg.jp/dataset/t131237d0000000257,自治体公式オープンデータ収録。名称・住所を一次データ由来候補として整備。座標は公式値を確認できないため推測せずnull。
桑川第二児童遊園 トイレ,東京都江戸川区東葛西1-5-3,,,unknown,江戸川区,東葛西,公衆トイレ,https://catalog.data.metro.tokyo.lg.jp/dataset/t131237d0000000257,自治体公式オープンデータ収録。名称・住所を一次データ由来候補として整備。座標は公式値を確認できないため推測せずnull。
椿ひがし公園 トイレ,東京都江戸川区瑞江3-22-1,,,unknown,江戸川区,瑞江,公衆トイレ,https://catalog.data.metro.tokyo.lg.jp/dataset/t131237d0000000257,自治体公式オープンデータ収録。名称・住所を一次データ由来候補として整備。座標は公式値を確認できないため推測せずnull。
水辺のスポーツガーデン 北 トイレ,東京都江戸川区東篠崎2-3先,,,unknown,江戸川区,東篠崎,公衆トイレ,https://catalog.data.metro.tokyo.lg.jp/dataset/t131237d0000000257,自治体公式オープンデータ収録。名称・住所を一次データ由来候補として整備。座標は公式値を確認できないため推測せずnull。
江上しらさぎ公園 トイレ,東京都江戸川区西一之江2-1-5,,,unknown,江戸川区,西,公衆トイレ,https://catalog.data.metro.tokyo.lg.jp/dataset/t131237d0000000257,自治体公式オープンデータ収録。名称・住所を一次データ由来候補として整備。座標は公式値を確認できないため推測せずnull。
江戸川一丁目児童遊園 トイレ,東京都江戸川区江戸川1-35-9,,,unknown,江戸川区,江戸川,公衆トイレ,https://catalog.data.metro.tokyo.lg.jp/dataset/t131237d0000000257,自治体公式オープンデータ収録。名称・住所を一次データ由来候補として整備。座標は公式値を確認できないため推測せずnull。
江戸川一丁目公園 トイレ,東京都江戸川区江戸川1-30-18,,,unknown,江戸川区,江戸川,公衆トイレ,https://catalog.data.metro.tokyo.lg.jp/dataset/t131237d0000000257,自治体公式オープンデータ収録。名称・住所を一次データ由来候補として整備。座標は公式値を確認できないため推測せずnull。
江戸川一丁目南公園 トイレ,東京都江戸川区江戸川1-8-5,,,unknown,江戸川区,江戸川,公衆トイレ,https://catalog.data.metro.tokyo.lg.jp/dataset/t131237d0000000257,自治体公式オープンデータ収録。名称・住所を一次データ由来候補として整備。座標は公式値を確認できないため推測せずnull。
江戸川一丁目東公園 トイレ,東京都江戸川区江戸川1-6-22,,,unknown,江戸川区,江戸川,公衆トイレ,https://catalog.data.metro.tokyo.lg.jp/dataset/t131237d0000000257,自治体公式オープンデータ収録。名称・住所を一次データ由来候補として整備。座標は公式値を確認できないため推測せずnull。
江戸川一丁目第二児童遊園 トイレ,東京都江戸川区江戸川1-42-10,,,unknown,江戸川区,江戸川,公衆トイレ,https://catalog.data.metro.tokyo.lg.jp/dataset/t131237d0000000257,自治体公式オープンデータ収録。名称・住所を一次データ由来候補として整備。座標は公式値を確認できないため推測せずnull。
江戸川三丁目児童遊園 トイレ,東京都江戸川区江戸川3-24,,,unknown,江戸川区,江戸川,公衆トイレ,https://catalog.data.metro.tokyo.lg.jp/dataset/t131237d0000000257,自治体公式オープンデータ収録。名称・住所を一次データ由来候補として整備。座標は公式値を確認できないため推測せずnull。
江戸川三丁目第二児童遊園 トイレ,東京都江戸川区江戸川3-28-1,,,unknown,江戸川区,江戸川,公衆トイレ,https://catalog.data.metro.tokyo.lg.jp/dataset/t131237d0000000257,自治体公式オープンデータ収録。名称・住所を一次データ由来候補として整備。座標は公式値を確認できないため推測せずnull。
江戸川中央公園 トイレ,東京都江戸川区江戸川1-9-32,,,unknown,江戸川区,江戸川,公衆トイレ,https://catalog.data.metro.tokyo.lg.jp/dataset/t131237d0000000257,自治体公式オープンデータ収録。名称・住所を一次データ由来候補として整備。座標は公式値を確認できないため推測せずnull。
江戸川二丁目児童遊園 トイレ,東京都江戸川区江戸川2-20-2,,,unknown,江戸川区,江戸川,公衆トイレ,https://catalog.data.metro.tokyo.lg.jp/dataset/t131237d0000000257,自治体公式オープンデータ収録。名称・住所を一次データ由来候補として整備。座標は公式値を確認できないため推測せずnull。
江戸川二丁目広場 トイレ,東京都江戸川区江戸川2-29-4,,,unknown,江戸川区,江戸川,公衆トイレ,https://catalog.data.metro.tokyo.lg.jp/dataset/t131237d0000000257,自治体公式オープンデータ収録。名称・住所を一次データ由来候補として整備。座標は公式値を確認できないため推測せずnull。
江戸川五丁目公園 トイレ,東京都江戸川区江戸川5-40-4,,,unknown,江戸川区,江戸川,公衆トイレ,https://catalog.data.metro.tokyo.lg.jp/dataset/t131237d0000000257,自治体公式オープンデータ収録。名称・住所を一次データ由来候補として整備。座標は公式値を確認できないため推測せずnull。
清新町二丁目児童遊園 トイレ,東京都江戸川区清新町2-2-7,,,unknown,江戸川区,清新町,公衆トイレ,https://catalog.data.metro.tokyo.lg.jp/dataset/t131237d0000000257,自治体公式オープンデータ収録。名称・住所を一次データ由来候補として整備。座標は公式値を確認できないため推測せずnull。
清新町北緑地 トイレ,東京都江戸川区清新町1-5-33外2,,,unknown,江戸川区,清新町,公衆トイレ,https://catalog.data.metro.tokyo.lg.jp/dataset/t131237d0000000257,自治体公式オープンデータ収録。名称・住所を一次データ由来候補として整備。座標は公式値を確認できないため推測せずnull。
清新町第１ トイレ,東京都江戸川区清新町1-3,,,unknown,江戸川区,清新町,公衆トイレ,https://catalog.data.metro.tokyo.lg.jp/dataset/t131237d0000000257,自治体公式オープンデータ収録。名称・住所を一次データ由来候補として整備。座標は公式値を確認できないため推測せずnull。
清新町第２ トイレ,東京都江戸川区清新町1-2,,,unknown,江戸川区,清新町,公衆トイレ,https://catalog.data.metro.tokyo.lg.jp/dataset/t131237d0000000257,自治体公式オープンデータ収録。名称・住所を一次データ由来候補として整備。座標は公式値を確認できないため推測せずnull。
瀬戸口公園 トイレ,東京都江戸川区新堀1-5-1,,,unknown,江戸川区,新堀,公衆トイレ,https://catalog.data.metro.tokyo.lg.jp/dataset/t131237d0000000257,自治体公式オープンデータ収録。名称・住所を一次データ由来候補として整備。座標は公式値を確認できないため推測せずnull。
片山公園 トイレ,東京都江戸川区南小岩8-8-25,,,unknown,江戸川区,南小岩,公衆トイレ,https://catalog.data.metro.tokyo.lg.jp/dataset/t131237d0000000257,自治体公式オープンデータ収録。名称・住所を一次データ由来候補として整備。座標は公式値を確認できないため推測せずnull。
船堀公園 トイレ,東京都江戸川区船堀1-1-72,,,unknown,江戸川区,船堀,公衆トイレ,https://catalog.data.metro.tokyo.lg.jp/dataset/t131237d0000000257,自治体公式オープンデータ収録。名称・住所を一次データ由来候補として整備。座標は公式値を確認できないため推測せずnull。
船堀六丁目児童遊園 トイレ,東京都江戸川区船堀6-5-5,,,unknown,江戸川区,船堀,公衆トイレ,https://catalog.data.metro.tokyo.lg.jp/dataset/t131237d0000000257,自治体公式オープンデータ収録。名称・住所を一次データ由来候補として整備。座標は公式値を確認できないため推測せずnull。
船堀南公園 トイレ,東京都江戸川区船堀3-3-7,,,unknown,江戸川区,船堀,公衆トイレ,https://catalog.data.metro.tokyo.lg.jp/dataset/t131237d0000000257,自治体公式オープンデータ収録。名称・住所を一次データ由来候補として整備。座標は公式値を確認できないため推測せずnull。
船堀駅前 トイレ,東京都江戸川区船堀3-6-1,,,unknown,江戸川区,船堀,公衆トイレ,https://catalog.data.metro.tokyo.lg.jp/dataset/t131237d0000000257,自治体公式オープンデータ収録。名称・住所を一次データ由来候補として整備。座標は公式値を確認できないため推測せずnull。
葛西東公園 トイレ,東京都江戸川区東葛西5-26-1,,,unknown,江戸川区,東葛西,公衆トイレ,https://catalog.data.metro.tokyo.lg.jp/dataset/t131237d0000000257,自治体公式オープンデータ収録。名称・住所を一次データ由来候補として整備。座標は公式値を確認できないため推測せずnull。
葛西駅東口 トイレ,東京都江戸川区東葛西6-3,,,unknown,江戸川区,東葛西,公衆トイレ,https://catalog.data.metro.tokyo.lg.jp/dataset/t131237d0000000257,自治体公式オープンデータ収録。名称・住所を一次データ由来候補として整備。座標は公式値を確認できないため推測せずnull。
葛西駅西口 トイレ,東京都江戸川区中葛西5-43-20,,,unknown,江戸川区,中葛西,公衆トイレ,https://catalog.data.metro.tokyo.lg.jp/dataset/t131237d0000000257,自治体公式オープンデータ収録。名称・住所を一次データ由来候補として整備。座標は公式値を確認できないため推測せずnull。
行船公園 西 トイレ,東京都江戸川区北葛西3-2-1,,,unknown,江戸川区,北葛西,公衆トイレ,https://catalog.data.metro.tokyo.lg.jp/dataset/t131237d0000000257,自治体公式オープンデータ収録。名称・住所を一次データ由来候補として整備。座標は公式値を確認できないため推測せずnull。
西一之江さくら公園 トイレ,東京都江戸川区西一之江1-6-14,,,unknown,江戸川区,西,公衆トイレ,https://catalog.data.metro.tokyo.lg.jp/dataset/t131237d0000000257,自治体公式オープンデータ収録。名称・住所を一次データ由来候補として整備。座標は公式値を確認できないため推測せずnull。
西一之江三丁目児童遊園 トイレ,東京都江戸川区西一之江3-17-12,,,unknown,江戸川区,西,公衆トイレ,https://catalog.data.metro.tokyo.lg.jp/dataset/t131237d0000000257,自治体公式オープンデータ収録。名称・住所を一次データ由来候補として整備。座標は公式値を確認できないため推測せずnull。
西一之江四丁目公園 トイレ,東京都江戸川区西一之江4-1-3,,,unknown,江戸川区,西,公衆トイレ,https://catalog.data.metro.tokyo.lg.jp/dataset/t131237d0000000257,自治体公式オープンデータ収録。名称・住所を一次データ由来候補として整備。座標は公式値を確認できないため推測せずnull。
西一之江香取児童遊園 トイレ,東京都江戸川区西一之江3-35-22,,,unknown,江戸川区,西,公衆トイレ,https://catalog.data.metro.tokyo.lg.jp/dataset/t131237d0000000257,自治体公式オープンデータ収録。名称・住所を一次データ由来候補として整備。座標は公式値を確認できないため推測せずnull。
西小岩一丁目公園 トイレ,東京都江戸川区西小岩1-2-5,,,unknown,江戸川区,西小岩,公衆トイレ,https://catalog.data.metro.tokyo.lg.jp/dataset/t131237d0000000257,自治体公式オープンデータ収録。名称・住所を一次データ由来候補として整備。座標は公式値を確認できないため推測せずnull。
西小岩三丁目児童遊園 トイレ,東京都江戸川区西小岩3-36-19,,,unknown,江戸川区,西小岩,公衆トイレ,https://catalog.data.metro.tokyo.lg.jp/dataset/t131237d0000000257,自治体公式オープンデータ収録。名称・住所を一次データ由来候補として整備。座標は公式値を確認できないため推測せずnull。
西小岩二丁目児童遊園 トイレ,東京都江戸川区西小岩2-19-23,,,unknown,江戸川区,西小岩,公衆トイレ,https://catalog.data.metro.tokyo.lg.jp/dataset/t131237d0000000257,自治体公式オープンデータ収録。名称・住所を一次データ由来候補として整備。座標は公式値を確認できないため推測せずnull。
西小岩公園 トイレ,東京都江戸川区西小岩4-13-10,,,unknown,江戸川区,西小岩,公衆トイレ,https://catalog.data.metro.tokyo.lg.jp/dataset/t131237d0000000257,自治体公式オープンデータ収録。名称・住所を一次データ由来候補として整備。座標は公式値を確認できないため推測せずnull。
西小岩四丁目児童遊園 トイレ,東京都江戸川区西小岩4-5-17,,,unknown,江戸川区,西小岩,公衆トイレ,https://catalog.data.metro.tokyo.lg.jp/dataset/t131237d0000000257,自治体公式オープンデータ収録。名称・住所を一次データ由来候補として整備。座標は公式値を確認できないため推測せずnull。
西篠崎さくら公園 トイレ,東京都江戸川区西篠崎2-6-1,,,unknown,江戸川区,西篠崎,公衆トイレ,https://catalog.data.metro.tokyo.lg.jp/dataset/t131237d0000000257,自治体公式オープンデータ収録。名称・住所を一次データ由来候補として整備。座標は公式値を確認できないため推測せずnull。
西船堀公園 トイレ,東京都江戸川区船堀2-7-14,,,unknown,江戸川区,船堀,公衆トイレ,https://catalog.data.metro.tokyo.lg.jp/dataset/t131237d0000000257,自治体公式オープンデータ収録。名称・住所を一次データ由来候補として整備。座標は公式値を確認できないため推測せずnull。
西葛西三丁目児童遊園 トイレ,東京都江戸川区西葛西3-3-4,,,unknown,江戸川区,西葛西,公衆トイレ,https://catalog.data.metro.tokyo.lg.jp/dataset/t131237d0000000257,自治体公式オープンデータ収録。名称・住所を一次データ由来候補として整備。座標は公式値を確認できないため推測せずnull。
西葛西二丁目第二児童遊園 トイレ,東京都江戸川区西葛西2-22-11,,,unknown,江戸川区,西葛西,公衆トイレ,https://catalog.data.metro.tokyo.lg.jp/dataset/t131237d0000000257,自治体公式オープンデータ収録。名称・住所を一次データ由来候補として整備。座標は公式値を確認できないため推測せずnull。
西葛西五丁目児童遊園 トイレ,東京都江戸川区西葛西5-10-26,,,unknown,江戸川区,西葛西,公衆トイレ,https://catalog.data.metro.tokyo.lg.jp/dataset/t131237d0000000257,自治体公式オープンデータ収録。名称・住所を一次データ由来候補として整備。座標は公式値を確認できないため推測せずnull。
西葛西四丁目児童遊園 トイレ,東京都江戸川区西葛西4-1-15,,,unknown,江戸川区,西葛西,公衆トイレ,https://catalog.data.metro.tokyo.lg.jp/dataset/t131237d0000000257,自治体公式オープンデータ収録。名称・住所を一次データ由来候補として整備。座標は公式値を確認できないため推測せずnull。
西葛西緑の丘児童遊園 トイレ,東京都江戸川区西葛西3-9-9,,,unknown,江戸川区,西葛西,公衆トイレ,https://catalog.data.metro.tokyo.lg.jp/dataset/t131237d0000000257,自治体公式オープンデータ収録。名称・住所を一次データ由来候補として整備。座標は公式値を確認できないため推測せずnull。
西葛西駅前 トイレ,東京都江戸川区西葛西5-1,,,unknown,江戸川区,西葛西,公衆トイレ,https://catalog.data.metro.tokyo.lg.jp/dataset/t131237d0000000257,自治体公式オープンデータ収録。名称・住所を一次データ由来候補として整備。座標は公式値を確認できないため推測せずnull。
谷河内テニスコート広場 トイレ,東京都江戸川区谷河内2-9-19,,,unknown,江戸川区,谷河内,公衆トイレ,https://catalog.data.metro.tokyo.lg.jp/dataset/t131237d0000000257,自治体公式オープンデータ収録。名称・住所を一次データ由来候補として整備。座標は公式値を確認できないため推測せずnull。
谷河内みなみ公園 トイレ,東京都江戸川区瑞江1-30-3,,,unknown,江戸川区,瑞江,公衆トイレ,https://catalog.data.metro.tokyo.lg.jp/dataset/t131237d0000000257,自治体公式オープンデータ収録。名称・住所を一次データ由来候補として整備。座標は公式値を確認できないため推測せずnull。
谷河内一丁目広場 トイレ,東京都江戸川区篠崎町8-8-4,,,unknown,江戸川区,篠崎町,公衆トイレ,https://catalog.data.metro.tokyo.lg.jp/dataset/t131237d0000000257,自治体公式オープンデータ収録。名称・住所を一次データ由来候補として整備。座標は公式値を確認できないため推測せずnull。
谷河内広場 トイレ,東京都江戸川区谷河内2-7-1,,,unknown,江戸川区,谷河内,公衆トイレ,https://catalog.data.metro.tokyo.lg.jp/dataset/t131237d0000000257,自治体公式オープンデータ収録。名称・住所を一次データ由来候補として整備。座標は公式値を確認できないため推測せずnull。
貞明児童遊園 トイレ,東京都江戸川区松江7-12-1,,,unknown,江戸川区,松江,公衆トイレ,https://catalog.data.metro.tokyo.lg.jp/dataset/t131237d0000000257,自治体公式オープンデータ収録。名称・住所を一次データ由来候補として整備。座標は公式値を確認できないため推測せずnull。
辰巳新橋東橋詰広場 トイレ,東京都江戸川区南小岩6-1,,,unknown,江戸川区,南小岩,公衆トイレ,https://catalog.data.metro.tokyo.lg.jp/dataset/t131237d0000000257,自治体公式オープンデータ収録。名称・住所を一次データ由来候補として整備。座標は公式値を確認できないため推測せずnull。
逆井公園 トイレ,東京都江戸川区平井1-24-6,,,unknown,江戸川区,平井,公衆トイレ,https://catalog.data.metro.tokyo.lg.jp/dataset/t131237d0000000257,自治体公式オープンデータ収録。名称・住所を一次データ由来候補として整備。座標は公式値を確認できないため推測せずnull。
鎗前児童遊園 トイレ,東京都江戸川区江戸川6-31-14,,,unknown,江戸川区,江戸川,公衆トイレ,https://catalog.data.metro.tokyo.lg.jp/dataset/t131237d0000000257,自治体公式オープンデータ収録。名称・住所を一次データ由来候補として整備。座標は公式値を確認できないため推測せずnull。
長島一号公園 トイレ,東京都江戸川区中葛西3-21-1,,,unknown,江戸川区,中葛西,公衆トイレ,https://catalog.data.metro.tokyo.lg.jp/dataset/t131237d0000000257,自治体公式オープンデータ収録。名称・住所を一次データ由来候補として整備。座標は公式値を確認できないため推測せずnull。
長島児童遊園 トイレ,東京都江戸川区東葛西3-12-1,,,unknown,江戸川区,東葛西,公衆トイレ,https://catalog.data.metro.tokyo.lg.jp/dataset/t131237d0000000257,自治体公式オープンデータ収録。名称・住所を一次データ由来候補として整備。座標は公式値を確認できないため推測せずnull。
長島東公園 トイレ,東京都江戸川区東葛西5-47-16,,,unknown,江戸川区,東葛西,公衆トイレ,https://catalog.data.metro.tokyo.lg.jp/dataset/t131237d0000000257,自治体公式オープンデータ収録。名称・住所を一次データ由来候補として整備。座標は公式値を確認できないため推測せずnull。
あらやしき公園 トイレ,東京都西東京市下保谷四丁目8,,,unknown,西東京市,下保谷,公衆トイレ,https://www.opendata.metro.tokyo.lg.jp/nishitokyo/132292_public_toilet.xlsx,自治体公式オープンデータ収録。名称・住所を一次データ由来候補として整備。座標は公式値を確認できないため推測せずnull。
しじゅうから公園 トイレ,東京都西東京市柳沢一丁目14,,,unknown,西東京市,柳沢,公衆トイレ,https://www.opendata.metro.tokyo.lg.jp/nishitokyo/132292_public_toilet.xlsx,自治体公式オープンデータ収録。名称・住所を一次データ由来候補として整備。座標は公式値を確認できないため推測せずnull。
はなみずき公園 トイレ,東京都西東京市ひばりが丘二丁目2,,,unknown,西東京市,ひばりが丘,公衆トイレ,https://www.opendata.metro.tokyo.lg.jp/nishitokyo/132292_public_toilet.xlsx,自治体公式オープンデータ収録。名称・住所を一次データ由来候補として整備。座標は公式値を確認できないため推測せずnull。
ひばりが丘公園 トイレ,東京都西東京市ひばりが丘一丁目2,,,unknown,西東京市,ひばりが丘,公衆トイレ,https://www.opendata.metro.tokyo.lg.jp/nishitokyo/132292_public_toilet.xlsx,自治体公式オープンデータ収録。名称・住所を一次データ由来候補として整備。座標は公式値を確認できないため推測せずnull。
ひばりが丘北わんぱく公園 トイレ,東京都西東京市ひばりが丘北二丁目2,,,unknown,西東京市,ひばりが丘北,公衆トイレ,https://www.opendata.metro.tokyo.lg.jp/nishitokyo/132292_public_toilet.xlsx,自治体公式オープンデータ収録。名称・住所を一次データ由来候補として整備。座標は公式値を確認できないため推測せずnull。
むくのき公園 トイレ,東京都西東京市柳沢二丁目3,,,unknown,西東京市,柳沢,公衆トイレ,https://www.opendata.metro.tokyo.lg.jp/nishitokyo/132292_public_toilet.xlsx,自治体公式オープンデータ収録。名称・住所を一次データ由来候補として整備。座標は公式値を確認できないため推測せずnull。
下保谷森林公園 トイレ,東京都西東京市下保谷三丁目12,,,unknown,西東京市,下保谷,公衆トイレ,https://www.opendata.metro.tokyo.lg.jp/nishitokyo/132292_public_toilet.xlsx,自治体公式オープンデータ収録。名称・住所を一次データ由来候補として整備。座標は公式値を確認できないため推測せずnull。
保谷駅南口公衆トイレ,東京都西東京市東町三丁目14,,,unknown,西東京市,東町,公衆トイレ,https://www.opendata.metro.tokyo.lg.jp/nishitokyo/132292_public_toilet.xlsx,自治体公式オープンデータ収録。名称・住所を一次データ由来候補として整備。座標は公式値を確認できないため推測せずnull。
向台公園 トイレ,東京都西東京市向台町二丁目5,,,unknown,西東京市,向台町,公衆トイレ,https://www.opendata.metro.tokyo.lg.jp/nishitokyo/132292_public_toilet.xlsx,自治体公式オープンデータ収録。名称・住所を一次データ由来候補として整備。座標は公式値を確認できないため推測せずnull。
文理台公園 トイレ,東京都西東京市東町一丁目4,,,unknown,西東京市,東町,公衆トイレ,https://www.opendata.metro.tokyo.lg.jp/nishitokyo/132292_public_toilet.xlsx,自治体公式オープンデータ収録。名称・住所を一次データ由来候補として整備。座標は公式値を確認できないため推測せずnull。
柳沢せせらぎ公園 トイレ,東京都西東京市柳沢六丁目4,,,unknown,西東京市,柳沢,公衆トイレ,https://www.opendata.metro.tokyo.lg.jp/nishitokyo/132292_public_toilet.xlsx,自治体公式オープンデータ収録。名称・住所を一次データ由来候補として整備。座標は公式値を確認できないため推測せずnull。
泉小わくわく公園 トイレ,東京都西東京市泉町三丁目6,,,unknown,西東京市,泉町,公衆トイレ,https://www.opendata.metro.tokyo.lg.jp/nishitokyo/132292_public_toilet.xlsx,自治体公式オープンデータ収録。名称・住所を一次データ由来候補として整備。座標は公式値を確認できないため推測せずnull。
田無市民公園 トイレ,東京都西東京市向台町五丁目4,,,unknown,西東京市,向台町,公衆トイレ,https://www.opendata.metro.tokyo.lg.jp/nishitokyo/132292_public_toilet.xlsx,自治体公式オープンデータ収録。名称・住所を一次データ由来候補として整備。座標は公式値を確認できないため推測せずnull。
田無駅北口公衆トイレ,東京都西東京市田無町二丁目1,,,unknown,西東京市,田無町,公衆トイレ,https://www.opendata.metro.tokyo.lg.jp/nishitokyo/132292_public_toilet.xlsx,自治体公式オープンデータ収録。名称・住所を一次データ由来候補として整備。座標は公式値を確認できないため推測せずnull。
西原自然公園 トイレ,東京都西東京市西原町四丁目5,,,unknown,西東京市,西原町,公衆トイレ,https://www.opendata.metro.tokyo.lg.jp/nishitokyo/132292_public_toilet.xlsx,自治体公式オープンデータ収録。名称・住所を一次データ由来候補として整備。座標は公式値を確認できないため推測せずnull。
西東京いこいの森公園 トイレ,東京都西東京市緑町三丁目2,,,unknown,西東京市,緑町,公衆トイレ,https://www.opendata.metro.tokyo.lg.jp/nishitokyo/132292_public_toilet.xlsx,自治体公式オープンデータ収録。名称・住所を一次データ由来候補として整備。座標は公式値を確認できないため推測せずnull。
谷戸イチョウ公園 トイレ,東京都西東京市谷戸町二丁目12,,,unknown,西東京市,谷戸町,公衆トイレ,https://www.opendata.metro.tokyo.lg.jp/nishitokyo/132292_public_toilet.xlsx,自治体公式オープンデータ収録。名称・住所を一次データ由来候補として整備。座標は公式値を確認できないため推測せずnull。
谷戸せせらぎ公園 トイレ,東京都西東京市谷戸町一丁目22,,,unknown,西東京市,谷戸町,公衆トイレ,https://www.opendata.metro.tokyo.lg.jp/nishitokyo/132292_public_toilet.xlsx,自治体公式オープンデータ収録。名称・住所を一次データ由来候補として整備。座標は公式値を確認できないため推測せずnull。
ぐみの木公園 トイレ,東京都小金井市前原町四丁目4,,,unknown,小金井市,前原町,公衆トイレ,https://catalog.data.metro.tokyo.lg.jp/dataset/t132101d0000000030,自治体公式オープンデータ収録。名称・住所を一次データ由来候補として整備。座標は公式値を確認できないため推測せずnull。
はけの森緑地2 トイレ,東京都小金井市中町四丁目12,,,unknown,小金井市,中町,公衆トイレ,https://catalog.data.metro.tokyo.lg.jp/dataset/t132101d0000000030,自治体公式オープンデータ収録。名称・住所を一次データ由来候補として整備。座標は公式値を確認できないため推測せずnull。
三楽公園 トイレ,東京都小金井市貫井南町三丁目6,,,unknown,小金井市,貫井南町,公衆トイレ,https://catalog.data.metro.tokyo.lg.jp/dataset/t132101d0000000030,自治体公式オープンデータ収録。名称・住所を一次データ由来候補として整備。座標は公式値を確認できないため推測せずnull。
上の原公園 トイレ,東京都小金井市本町五丁目6,,,unknown,小金井市,本町,公衆トイレ,https://catalog.data.metro.tokyo.lg.jp/dataset/t132101d0000000030,自治体公式オープンデータ収録。名称・住所を一次データ由来候補として整備。座標は公式値を確認できないため推測せずnull。
栗山公園 トイレ,東京都小金井市中町二丁目21,,,unknown,小金井市,中町,公衆トイレ,https://catalog.data.metro.tokyo.lg.jp/dataset/t132101d0000000030,自治体公式オープンデータ収録。名称・住所を一次データ由来候補として整備。座標は公式値を確認できないため推測せずnull。
梶野公園 トイレ,東京都小金井市梶野町五丁目10,,,unknown,小金井市,梶野町,公衆トイレ,https://catalog.data.metro.tokyo.lg.jp/dataset/t132101d0000000030,自治体公式オープンデータ収録。名称・住所を一次データ由来候補として整備。座標は公式値を確認できないため推測せずnull。
